1	1.1.1.39	9
2	3.6.1.3	9
8	3.6.1.7	9
17	3.1.3.48	9
33	2.1.1.56	9
36	2.7.11.1	9
36	2.7.11.22	9
37	2.7.11.25	9
38	3.6.5	9
38	3.6.5.1	9
41	3.4.17.1	9
42	2.7.7.7	9
42	2.7.7.56	9
42	2.7.7.25	9
43	2.4.2.30	9
44	3.6.1.3	9
45	3.1.3.25	9
45	3.1.3.25	9
47	3.1.3.48	9
48	5.1.3.2	9
51	3.6.3.14	9
51	3.6.3.6	9
62	3.6.5	9
62	3.6.5.1	9
63	1.15.1.1	9
66	2.4.1.87	9
66	2.4.1	9
66	2.4.1	9
66	2.4.1	9
70	6.2.1.3	9
70	2.3.1.86	9
70	6.2.1.3	9
70	6.2.1.3	9
70	6.2.1.3	9
70	6.2.1.15	9
70	6.2.1.3	9
70	6.2.1.3	9
76	3.4.23.1	9
81	2.7.4.6	9
81	2.7.4.6	9
81	2.7.4.6	9
81	2.7.4.6	9
81	2.7.4.6	9
81	2.7.4.6	9
81	2.7.4.6	9
81	2.7.4.6	9
84	2.7.4.8	9
86	1.6.5.3	9
86	1.6.99.3	9
89	3.5.1.26	9
91	1.1.1.37	9
94	2.1.2.10	9
94	3.1.3.43	9
97	3.2.1.113	9
98	3.5.1.23	9
98	3.5.1.23	9
101	3.4.13.19	9
111	1.10.2.2	9
112	2.7.1.48	9
112	2.7.1.48	9
112	2.7.4.3	9
136	3.1.3.2	9
136	3.1.3.2	9
148	3.1.3.64	9
152	3.6.5	9
152	3.6.5.1	9
154	2.7.4.8	9
155	3.1.6.14	9
164	3.4.22.1	9
170	6.3.2.19	9
180	3.6.1.15	9
187	1.14.99.29	9
214	1.1.1.1	9
214	1.1.1.1	9
214	1.1.1.1	9
214	1.1.1.1	9
214	1.1.1.1	9
214	1.1.1.1	9
214	1.1.1.1	9
214	1.1.1.1	9
214	1.1.1.1	9
214	1.1.1.1	9
221	3.6.1.3	9
222	3.1.1.59	9
230	1.14.16.4	9
230	1.14.16.1	9
231	5.3.4.1	9
235	2.7.7.19	9
239	3.4.21.1	9
240	3.4.21.4	9
242	6.3.2.6	9
242	4.1.1.21	9
250	3.6.3.6	9
255	3.1.1.3	9
272	3.4.24.26	9
277	1.14.11.2	9
281	5.4.99.12	9
286	2.7.1.7	9
286	2.7.1.1	9
286	2.7.1.1	9
286	2.7.1.1	9
288	3.6.1.3	9
290	2.7.11.1	9
297	2.5.1.18	9
297	1.8.5.1	9
297	2.5.1.18	9
297	1.5.4.1	9
304	3.6.5	9
304	3.6.5.1	9
310	3.6.3.9	9
314	3.2.1.113	9
316	2.3.1.39	9
316	2.3.1.39	9
316	2.3.1.39	9
326	5.1.99.4	9
328	3.1.3.57	9
331	2.5.1.18	9
331	2.5.1.18	9
333	3.6.1.3	9
337	3.5.2.2	9
352	6.3.5.3	9
355	3.4.19.6	9
355	3.4.11.2	9
355	3.4.11.2	9
355	3.4.11.2	9
358	6.3.1.1	9
368	3.3.2.10	9
378	6.1.1.1	9
379	3.5.1.9	9
388	1.8.3.2	9
389	1.1.1.31	9
389	1.1.1.44	9
389	1.1.1.44	9
390	1.14.99.3	9
394	3.6.3.9	9
397	2.7.1.23	9
406	2.7.11.1	9
408	3.6.5	9
408	3.6.5.1	9
409	3.6.5	9
409	3.6.5.1	9
417	3.1.2.15	9
420	2.7.11.1	9
424	2.7.11.1	9
430	1.9.3.1	9
431	1.8.1.4	9
431	1.8.1.4	9
431	1.8.1.4	9
431	1.8.1.4	9
431	1.8.1.4	9
431	1.8.1.4	9
435	3.6.1.1	9
436	3.6.5	9
436	3.6.5.1	9
437	2.7.11.1	9
438	1.6.5.3	9
438	1.6.99.3	9
439	3.6.5	9
439	3.6.5.1	9
449	5.1.3.3	9
449	5.1.3.3	9
456	3.6.5	9
456	3.6.5.1	9
459	5.2.1.8	9
462	3.6.1.1	9
471	6.3.2.5	9
488	3.6.1.3	9
495	3.6.5	9
495	3.6.5.1	9
496	3.5.1.98	9
497	3.6.3.1	9
505	3.1.1.1	9
508	3.4.21.4	9
509	2.3.1.51	9
509	2.3.1.51	9
511	1.4.3.13	9
514	6.1.1.7	9
515	3.4.11.2	9
515	3.4.11.2	9
515	3.4.11.2	9
516	5.2.1.8	9
523	6.3.2.19	9
526	2.4.1.87	9
529	2.4.1	9
529	2.4.1	9
529	2.4.1.132	9
529	2.4.1	9
537	2.7.11.16	9
547	2.7.7.15	9
550	3.1.1.1	9
566	3.4.24.11	9
577	2.7.1.36	9
579	1.3.3.1	9
579	1.3.99.11	9
585	3.4.21.4	9
596	1.2.4.1	9
604	3.6.1.3	9
605	2.3.1.5	9
605	2.3.1.87	9
605	2.3.1.87	9
609	1.14.11.2	9
614	3.6.3.14	9
614	3.6.3.6	9
630	2.7.1.23	9
635	2.7.11.1	9
637	3.5.1.14	9
639	3.6.1.3	9
641	1.11.1.9	9
641	2.5.1.18	9
641	2.5.1.18	9
653	3.10.1.1	9
654	3.2.1.20	9
654	3.2.1.20	9
654	3.2.1.20	9
655	1.6.5.3	9
655	1.6.99.3	9
658	3.1.4.17	9
658	3.1.4.35	9
658	3.1.4.53	9
659	2.7.11.1	9
661	2.1.1.43	9
664	2.4.1.117	9
671	2.6.1.16	9
674	3.6.5	9
674	3.6.5.1	9
684	2.4.2.11	9
689	1.6.5.3	9
689	1.6.99.3	9
693	3.1.3.25	9
693	3.1.3.25	9
700	2.7.6.2	9
713	3.4.21.4	9
714	3.6.1.23	9
716	3.1.3.41	9
718	2.7.7.7	9
722	3.4.16.2	9
725	1.1.1.153	9
725	1.1.1.153	9
726	2.8.2.17	9
726	2.8.2.5	9
732	2.7.11.1	9
733	3.6.3.14	9
733	3.6.3.6	9
741	3.6.1.7	9
745	1.11.1.7	9
745	1.11.1.9	9
745	1.11.1.7	9
749	1.6.5.3	9
749	1.6.5	9
749	1.6.99.3	9
750	2.1.1.20	9
753	3.6.5	9
753	3.6.5.1	9
756	3.1.3.16	9
758	2.7.4.2	9
761	2.7.1.107	9
762	3.1.2.15	9
764	3.6.1.3	9
764	3.6.1.15	9
767	3.1.26.3	9
767	3.6.1.3	9
785	3.4.17.1	9
791	3.6.5	9
791	3.6.5.1	9
796	3.6.1.3	9
798	2.7.11.1	9
802	6.2.1.3	9
802	6.2.1.3	9
802	6.2.1.3	9
802	6.2.1.3	9
802	6.2.1.15	9
802	6.2.1.3	9
802	6.2.1.3	9
804	2.5.1.16	9
806	2.5.1.60	9
807	6.3.4.2	9
809	3.4.21.94	9
809	3.4.21.62	9
813	2.7.11.1	9
815	3.6.1.3	9
825	2.7.11.1	9
828	3.1.3.2	9
828	3.1.3.2	9
830	2.7.11.1	9
834	3.4.24.26	9
845	2.7.11.1	9
852	3.6.1.3	9
857	3.4.17.1	9
860	3.6.1.3	9
864	3.4.24.11	9
872	6.5.1.1	9
874	1.5.1.20	9
886	3.6.5	9
886	3.6.5.1	9
888	4.1.1.25	9
888	4.1.1.28	9
888	4.1.1.28	9
888	4.1.1.28	9
889	3.4.21.4	9
897	6.3.5.2	9
897	6.3.4.1	9
897	2.1.1.61	9
904	3.6.1.3	9
906	3.6.3.14	9
906	3.6.3.6	9
908	2.7.7.49	9
912	2.7.7.7	9
918	1.6.5.3	9
918	1.6.99.3	9
922	2.7.11.1	9
923	3.4.24.21	9
923	3.4.24.19	9
924	3.4.21.4	9
929	3.2.1.52	9
929	3.2.1.52	9
935	2.7.8.5	9
936	3.1.1.1	9
937	2.3.1.29	9
938	3.2.1.35	9
941	1.6.99.3	9
942	3.6.5	9
942	3.6.5.1	9
944	3.4.24.11	9
950	3.4.24.18	9
950	3.4.24.21	9
954	2.7.7.6	9
955	2.7.11.1	9
955	2.7.11.16	9
956	3.1.3.48	9
957	3.1.3.25	9
957	3.1.3.25	9
960	2.7.1.105	9
960	3.1.3.46	9
971	2.7.11.24	9
974	3.6.5	9
974	3.6.5.1	9
980	3.4.21.4	9
982	4.2.1.17	9
982	1.1.1.211	9
982	4.2.1.74	9
982	4.2.1.17	9
982	4.2.1.17	9
982	4.2.1.17	9
982	4.2.1.17	9
982	4.2.1.17	9
982	4.2.1.17	9
982	1.1.1.35	9
982	1.1.1.35	9
985	3.1.3.2	9
985	3.1.3.2	9
990	3.4.23.1	9
991	3.1.26.3	9
995	2.7.11.1	9
1001	3.1.1.1	9
1002	3.6.1.3	9
1003	1.1.99.1	9
1004	2.7.11.1	9
1008	3.6.1.3	9
1013	3.5.1.28	9
1013	3.5.1.28	9
1015	3.4.21.4	9
1023	3.6.5	9
1023	3.6.5.1	9
1025	4.4.1.17	9
1026	2.7.11.1	9
1028	3.4.24.11	9
1034	2.7.11.1	9
1035	2.7.7.7	9
1040	3.5.1.4	9
1040	3.5.1.4	9
1040	3.5.1.4	9
1040	3.5.1.4	9
1040	3.5.1.28	9
1040	3.5.1.4	9
1040	3.5.1.4	9
1040	3.5.1.28	9
1041	3.1.6.13	9
1042	3.1.2.15	9
1049	2.5.1.10	9
1049	2.5.1.1	9
1049	2.5.1.1	9
1049	2.5.1.1	9
1049	2.5.1.1	9
1049	2.5.1.1	9
1049	2.5.1.1	9
1049	2.5.1.1	9
1050	1.5.5.1	9
1051	3.6.3.14	9
1051	3.6.3.6	9
1056	1.6.5.3	9
1058	3.4.21.1	9
1062	2.1.1.125	9
1084	3.4.21.4	9
1085	1.1.1.37	9
1088	3.4.23.36	9
1091	3.6.1.3	9
1096	1.11.1.7	9
1096	1.11.1.9	9
1096	1.11.1.7	9
1101	3.6.1.3	9
1105	2.7.11.1	9
1108	3.6.1.3	9
1117	2.7.11.1	9
1121	2.7.7.49	9
1122	2.7.11.1	9
1126	2.7.1.7	9
1126	2.7.1.1	9
1126	2.7.1.1	9
1126	2.7.1.1	9
1129	1.2.4.2	9
1133	3.6.1.15	9
1158	2.4.1.119	9
1159	3.4.21.1	9
1165	2.4.1.41	9
1166	3.1.2.15	9
1174	3.6.1.7	9
1175	5.4.2.8	9
1176	3.2.1.17	9
1182	3.4.23.36	9
1186	2.8.2.5	9
1190	3.6.1.3	9
1213	3.2.1.14	9
1215	4.2.1.1	9
1215	4.2.1.1	9
1219	3.5.1.28	9
1219	3.5.1.28	9
1220	2.7.11.1	9
1221	6.3.3.2	9
1230	3.1.3.4	9
1248	3.6.1.3	9
1252	3.1.1.4	9
1252	3.1.1.4	9
1254	3.2.1.51	9
1263	1.3.3.4	9
1263	1.3.3.4	9
1267	1.1.99.5	9
1267	1.1.99.5	9
1267	1.1.99.5	9
1267	1.1.99.5	9
1268	2.7.10.1	9
1268	2.7.11.1	9
1279	3.2.1.101	9
1281	3.6.1.3	9
1282	2.4.1	9
1282	2.4.1	9
1282	2.4.1.132	9
1282	2.4.1	9
1287	1.14.17.1	9
1295	3.4.11.2	9
1295	3.4.11.2	9
1295	3.4.11.7	9
1295	3.4.11.2	9
1300	3.6.5	9
1300	3.6.5.1	9
1302	6.3.2.19	9
1308	3.1.1.3	9
1311	2.7.11.1	9
1319	3.6.1.3	9
1321	3.6.1.3	9
1327	3.1.3.56	9
1327	3.1.3.56	9
1328	6.3.2.2	9
1332	6.2.1.4	9
1332	2.3.3.8	9
1332	6.2.1.4	9
1332	6.2.1.5	9
1343	2.7.11.1	9
1352	3.1.1.4	9
1352	3.1.1.4	9
1357	3.6.1.3	9
1361	3.4.21.1	9
1364	2.4.1.122	9
1367	2.6.1.42	9
1367	2.6.1.42	9
1367	2.6.1.42	9
1368	3.6.1.3	9
1384	3.2.1.14	9
1395	4.2.1.47	9
1398	6.3.2.25	9
1403	3.4.17.1	9
1410	3.1.1.3	9
1412	2.4.1.109	9
1422	3.6.1.3	9
1423	3.6.1.15	9
1423	3.6.1.6	9
1424	3.1.1.1	9
1429	3.4.14.5	9
1432	3.1.1.29	9
1433	2.7.11.1	9
1443	3.6.3.14	9
1443	3.6.3.6	9
1448	1.5.1.34	9
1448	1.5.1.34	9
1449	3.4.21.36	9
1449	3.4.21.4	9
1458	1.1.1.95	9
1459	2.4.1.119	9
1464	2.2.1.1	9
1464	2.2.1.1	9
1464	2.2.1.1	9
1466	2.5.1.18	9
1466	2.5.1.18	9
1475	3.1.2.3	9
1475	3.1.2.20	9
1475	3.1.2.2	9
1475	3.1.2.2	9
1475	3.1.2.2	9
1475	3.1.2	9
1475	3.1.2.2	9
1475	3.1.2	9
1475	3.1.2.2	9
1475	3.1.2.2	9
1482	1.14.19.1	9
1491	3.1.11.1	9
1492	3.6.1.3	9
1502	2.8.2.20	9
1503	1.2.1.12	9
1516	1.14.11.2	9
1521	3.4.21.75	9
1522	3.6.5	9
1522	3.6.5.1	9
1523	3.4.21.4	9
1526	3.4.14.10	9
1535	3.2.1.45	9
1537	1.4.3.13	9
1538	5.3.3.12	9
1539	3.4.24.11	9
1543	3.6.5	9
1543	3.6.5.1	9
1559	1.9.3.1	9
1563	2.7.1.107	9
1570	2.7.11.1	9
1576	1.6.99.3	9
1579	3.1.3.25	9
1579	3.1.3.25	9
1582	2.7.1.48	9
1582	2.7.1.48	9
1589	5.2.1.8	9
1590	2.5.1.58	9
1594	4.6.1.1	9
1596	2.7.11.1	9
1599	1.8.1.4	9
1599	1.8.1.4	9
1599	1.8.1.4	9
1599	1.8.1.4	9
1599	1.8.1.4	9
1599	1.8.1.4	9
1604	2.1.1.33	9
1606	6.3.2.19	9
1608	1.1.1.1	9
1608	1.1.1.1	9
1608	1.1.1.1	9
1608	1.1.1.1	9
1608	1.1.1.1	9
1608	1.1.1.1	9
1608	1.1.1.1	9
1608	1.1.1.1	9
1608	1.1.1.1	9
1608	1.1.1.1	9
1610	3.5.4.12	9
1611	2.7.7.49	9
1620	2.7.1.15	9
1624	3.6.1.15	9
1632	3.6.5	9
1632	3.6.5.1	9
1636	3.1.2.15	9
1640	1.1.1.79	9
1640	1.1.1.79	9
1645	3.6.1.3	9
1646	3.4.24.11	9
1650	2.7.7.49	9
1651	2.3.1.48	9
1653	3.4.21.75	9
1653	2.7.10.1	9
1655	3.4.22.38	9
1657	3.6.1.3	9
1660	2.7.7.9	9
1663	6.3.2.19	9
1664	2.1.1.43	9
1664	2.3.1.48	9
1664	3.5.1.98	9
1669	3.5.1.41	9
1672	3.1.3.48	9
1676	5.99.1.2	9
1683	3.1.3.1	9
1683	3.1.3.1	9
1686	2.5.1.18	9
1686	2.5.1.18	9
1691	2.7.11.1	9
1693	3.6.1.3	9
1702	3.6.1.3	9
1714	1.11.1.7	9
1714	1.11.1.7	9
1716	3.6.3.8	9
1716	3.6.3	9
1716	3.6.3	9
1718	4.3.2.5	9
1723	3.1.3.67	9
1723	3.1.3.48	9
1723	3.1.3.16	9
1738	1.18.1.2	9
1738	1.18.1.2	9
1739	3.4.24.11	9
1740	2.7.7.7	9
1744	3.6.1.3	9
1744	3.6.3.44	9
1745	3.6.3.1	9
1746	3.1.1.5	9
1753	3.4.14.5	9
1754	2.4.1.87	9
1754	2.4.1	9
1754	2.4.1	9
1754	2.4.1	9
1755	3.6.5	9
1755	3.6.5.1	9
1774	3.6.5	9
1774	3.6.5.1	9
1781	2.7.11.1	9
1781	2.7.11.22	9
1791	3.4.21.4	9
1793	2.4.1.198	9
1794	3.6.1.3	9
1796	6.3.2.19	9
1801	3.1.3.25	9
1801	3.1.3.25	9
1802	2.7.7.6	9
1806	2.7.1.15	9
1808	3.6.5	9
1808	3.6.5.1	9
1830	4.1.1.22	9
1831	6.2.1.3	9
1831	6.2.1.3	9
1831	6.2.1.3	9
1831	6.2.1.3	9
1831	6.2.1.15	9
1831	6.2.1.3	9
1831	6.2.1.3	9
1837	3.4.21.4	9
1838	1.3.99.7	9
1838	1.3.99.7	9
1840	3.1.3.41	9
1849	3.6.5	9
1849	3.6.5.1	9
1852	3.6.1.3	9
1859	6.4.1.2	9
1860	2.7.11.1	9
1865	5.2.1.2	9
1865	2.5.1.18	9
1865	2.5.1.18	9
1880	2.7.4.10	9
1880	2.7.4.3	9
1881	3.6.5	9
1881	3.6.5.1	9
1882	2.7.4.3	9
1890	2.7.1.31	9
1890	2.7.1	9
1896	2.7.7.6	9
1900	2.3.2.5	9
1907	2.7.11.1	9
1915	3.4.21.4	9
1916	3.1.3.16	9
1925	3.6.5	9
1925	3.6.5.1	9
1926	2.3.1.176	9
1926	2.3.1.176	9
1929	3.4.24.14	9
1934	5.99.1.2	9
1936	3.6.1.3	9
1946	2.4.1.150	9
1948	3.1.2.15	9
1955	6.3.2.25	9
1957	2.7.1.24	9
1966	3.4.24.11	9
1969	2.4.1.87	9
1973	3.4.21.1	9
1977	3.1.1.3	9
1986	3.6.1.3	9
1988	3.6.1.3	9
1994	2.7.11.1	9
2007	1.14.18.1	9
2008	3.4.21.4	9
2018	2.7.1.40	9
2021	2.7.7.49	9
2022	6.2.1.3	9
2022	6.2.1.3	9
2022	6.2.1.3	9
2022	6.2.1.3	9
2022	6.2.1.15	9
2022	6.2.1.3	9
2022	6.2.1.3	9
2029	3.2.1	9
2029	3.2.1.24	9
2031	3.2.1.20	9
2031	3.2.1.20	9
2031	3.2.1.20	9
2036	3.6.1.29	9
2036	3.5.5.1	9
2036	3.5.5.1	9
2046	2.7.8.11	9
2047	3.6.1.3	9
2049	2.7.1.33	9
2049	6.3.2.5	9
2051	2.7.7.49	9
2067	4.2.1.70	9
2067	5.4.99.12	9
2070	3.6.1.3	9
2074	3.6.1.3	9
2078	2.7.1.68	9
2081	3.4.24.70	9
2085	3.6.1.3	9
2091	2.8.3.5	9
2091	2.8.3.5	9
2093	3.5.4.4	9
2094	3.7.1.2	9
2096	3.4.11.1	9
2110	3.6.5	9
2110	3.6.5.1	9
2114	3.6.5	9
2114	3.6.5.1	9
2126	2.6.1.52	9
2126	2.6.1.52	9
2131	3.4.22.59	9
2131	3.4.22.61	9
2131	3.4.22.58	9
2131	3.4.22.55	9
2131	3.4.22.63	9
2131	3.4.22.62	9
2131	3.4.22.65	9
2131	3.4.22.57	9
2131	3.4.22.56	9
2131	3.4.22.60	9
2132	3.1.1.3	9
2135	6.1.1.10	9
2139	3.5.3.1	9
2139	3.5.3.1	9
2142	3.6.1.3	9
2144	3.6.5	9
2144	3.6.5.1	9
2151	2.8.2.1	9
2151	2.8.2.1	9
2158	1.14.13.72	9
2158	1.14.13.72	9
2158	1.14.13.72	9
2158	1.14.13.72	9
2158	1.14.13.72	9
2158	1.14.13.72	9
2158	1.14.13.72	9
2158	1.14.13.72	9
2158	1.14.13.72	9
2158	1.14.13.72	9
2158	1.14.13.72	9
2158	1.14.13.72	9
2158	1.14.13.72	9
2158	1.14.13.72	9
2158	1.14.13.72	9
2159	4.2.1.51	9
2160	2.1.1.126	9
2167	5.4.2.1	9
2177	6.1.1.4	9
2179	2.7.11.1	9
2180	2.6.1.1	9
2180	2.6.1.1	9
2181	3.6.1.3	9
2198	3.2.1.14	9
2205	1.14.17.3	9
2205	4.3.2.5	9
2206	2.5.1	9
2207	3.1.2.15	9
2210	3.6.5	9
2210	3.6.5.1	9
2219	3.6.5	9
2219	3.6.5.1	9
2220	2.7.7.49	9
2227	2.7.1.40	9
2236	2.7.11.1	9
2237	3.1.3.48	9
2238	3.6.1.3	9
2246	2.1.1.48	9
2246	2.1.1.55	9
2252	3.5.3.1	9
2252	3.5.3.1	9
2258	2.7.1.140	9
2258	2.7.1.127	9
2258	2.7.1.151	9
2261	3.6.1.3	9
2267	3.4.24.26	9
2268	6.4.1.1	9
2280	3.6.1.3	9
2282	3.3.2.10	9
2285	3.6.3.14	9
2285	3.6.3.6	9
2288	3.1.1.3	9
2292	3.4.23.36	9
2294	3.4.14.4	9
2294	4.1.1.29	9
2300	2.7.11.22	9
2302	2.4.1.17	9
2302	2.4.1.17	9
2302	2.4.1.17	9
2302	2.4.1.17	9
2302	2.4.1.17	9
2302	2.4.1.17	9
2305	4.2.1.75	9
2307	2.7.11.1	9
2313	3.6.1.3	9
2319	3.6.1.3	9
2323	3.1.1.1	9
2325	2.1.1.49	9
2325	2.1.1	9
2325	2.1.1	9
2328	2.7.11.1	9
2331	2.3.1.26	9
2341	3.4.21.4	9
2345	6.3.2.19	9
2348	3.6.1.3	9
2353	1.2.3.1	9
2353	1.2.3.1	9
2353	1.2.3.1	9
2353	1.2.3.1	9
2353	1.2.3.1	9
2363	3.1.3.1	9
2363	3.1.3.1	9
2372	3.2.1.17	9
2383	1.6.5.3	9
2383	1.6.99.3	9
2384	3.5.4.9	9
2384	6.3.4.3	9
2384	1.5.1.5	9
2384	3.5.4.9	9
2384	6.3.4.3	9
2385	3.4.17.1	9
2392	2.6.1.16	9
2397	3.4.15.1	9
2400	3.6.1.15	9
2401	2.7.1.40	9
2403	3.1.1.34	9
2404	1.1.1.153	9
2404	1.1.1.153	9
2405	3.1.13.1	9
2408	6.3.2.17	9
2408	6.3.2.17	9
2408	6.3.2.17	9
2408	6.3.2.17	9
2408	6.3.2.17	9
2412	3.6.3.6	9
2419	3.1.3.56	9
2419	3.1.3.56	9
2422	4.2.1.1	9
2422	4.2.1.1	9
2442	3.4.11.1	9
2446	2.7.1.11	9
2448	3.6.3.6	9
2457	3.5.1.6	9
2477	2.7.11.1	9
2481	2.4.1.17	9
2481	2.4.1.17	9
2481	2.4.1.17	9
2481	2.4.1.17	9
2481	2.4.1.17	9
2481	2.4.1.17	9
2486	3.1.3.48	9
2495	1.14.11.1	9
2496	3.4.21.4	9
2497	2.4.1	9
2497	2.4.1	9
2497	2.4.1.132	9
2497	2.4.1	9
2500	3.1.3.16	9
2508	1.1.1.27	9
2509	3.5.1.25	9
2509	3.5.1.25	9
2512	2.8.2.23	9
2521	3.6.3.14	9
2521	3.6.3.6	9
2524	1.1.1.271	9
2524	1.1.1.187	9
2525	3.1.4.4	9
2535	1.10.3.2	9
2540	1.9.3.1	9
2544	1.5.99.1	9
2544	2.1.2.10	9
2546	2.7.11.1	9
2546	2.7.11.13	9
2555	3.1.2.15	9
2561	3.6.1.15	9
2568	3.5.1.28	9
2568	3.5.1.28	9
2569	3.6.1.3	9
2575	1.10.3.2	9
2577	2.1.1.10	9
2577	2.1.1.10	9
2581	3.6.3.9	9
2586	6.3.2.19	9
2589	4.6.1.1	9
2593	1.14.11.2	9
2601	2.7.7.49	9
2602	3.1.3.1	9
2602	3.1.3.1	9
2604	4.2.1.22	9
2609	2.4.1.198	9
2610	3.6.1.3	9
2610	5.99.1.3	9
2612	2.7.11.1	9
2617	2.7.11.1	9
2622	3.4.16.2	9
2628	6.3.3.2	9
2633	3.6.1.3	9
2635	2.7.1.7	9
2635	2.7.1.1	9
2635	2.7.1.1	9
2635	2.7.1.1	9
2636	2.7.7.6	9
2637	3.6.3.6	9
2638	3.6.1.3	9
2645	3.6.5	9
2645	3.6.5.1	9
2649	2.3.1.48	9
2652	3.6.1.3	9
2666	3.6.5	9
2666	3.6.5.1	9
2668	2.3.1.50	9
2673	3.1.1.4	9
2673	3.1.1.32	9
2679	3.1.3.48	9
2680	2.7.7.7	9
2681	2.7.11.1	9
2681	2.7.11.22	9
2683	3.4.21.4	9
2686	2.5.1.59	9
2687	2.7.11.1	9
2687	2.7.11.25	9
2691	2.7.7.6	9
2695	3.4.23.34	9
2695	3.4.23.1	9
2697	3.6.1.3	9
2700	3.1.3.2	9
2700	3.1.3.2	9
2701	3.4.14.5	9
2705	3.2.1.17	9
2713	4.6.1.1	9
2716	1.11.1.6	9
2716	1.11.1.7	9
2716	1.11.1.6	9
2720	3.6.1.3	9
2721	2.7.11.1	9
2727	3.4.21.4	9
2728	3.4.21.4	9
2731	2.7.11.1	9
2735	2.4.1.11	9
2735	2.4.1.11	9
2749	3.4.22.15	9
2750	3.4.21.4	9
2752	4.1.1.36	9
2754	3.6.1.3	9
2759	2.7.1.153	9
2759	2.7.1.137	9
2759	2.7.1.154	9
2766	3.6.1.3	9
2775	3.1.3.16	9
2780	3.5.1.52	9
2783	3.2.1.14	9
2786	2.5.1.29	9
2786	2.5.1.10	9
2786	2.5.1.1	9
2786	2.5.1.1	9
2786	2.5.1.1	9
2786	2.5.1.1	9
2786	2.5.1.1	9
2786	2.5.1.1	9
2786	2.5.1.1	9
2790	3.1.3.9	9
2791	2.4.1.80	9
2791	2.4.1.80	9
2794	3.4.17.1	9
2795	3.2.1.14	9
2798	2.7.7.7	9
2800	1.1.3.15	9
2800	1.1.3.15	9
2800	1.1.3.15	9
2808	2.7.11.1	9
2812	3.4.21.4	9
2814	3.6.5	9
2814	3.6.5.1	9
2820	3.6.1.3	9
2827	3.6.1.3	9
2833	6.1.1.10	9
2842	3.1.3.16	9
2849	3.4.21.4	9
2851	4.6.1.1	9
2855	4.1.1.28	9
2855	4.1.1.28	9
2855	4.1.1.28	9
2860	3.4.11.2	9
2860	3.4.11.2	9
2860	3.4.11.7	9
2860	3.4.11.2	9
2861	3.6.1.3	9
2871	3.6.3.9	9
2873	6.3.2.19	9
2881	2.7.11.18	9
2881	2.7.11.1	9
2888	3.1.3.16	9
2889	2.5.1.10	9
2889	2.5.1	9
2889	2.5.1	9
2889	2.5.1	9
2889	2.5.1.1	9
2889	2.5.1	9
2889	2.5.1	9
2896	3.6.1.3	9
2903	3.4.16.2	9
2911	3.4.11.2	9
2911	3.4.11.2	9
2911	3.4.11.7	9
2911	3.4.11.2	9
2912	2.4.1.17	9
2912	2.4.1.17	9
2912	2.4.1.17	9
2912	2.4.1.17	9
2912	2.4.1.17	9
2912	2.4.1.17	9
2913	1.8.1.4	9
2913	1.8.1.4	9
2913	1.8.1.4	9
2913	1.8.1.4	9
2913	1.8.1.4	9
2913	1.8.1.4	9
2916	3.1.1.1	9
2922	3.5.1.28	9
2922	3.5.1.28	9
2928	2.3.1.48	9
2929	3.1.6.12	9
2936	4.2.1.1	9
2936	4.2.1.1	9
2943	4.1.2.13	9
2943	4.1.2.13	9
2949	3.1.3.48	9
2950	3.1.3.4	9
2955	3.5.1.1	9
2956	6.5.1.4	9
2960	6.3.2.19	9
2961	2.8.2.8	9
2961	2.8.2.8	9
2964	3.4.21.4	9
2971	2.3.1.39	9
2971	2.3.1.41	9
2971	2.3.1.41	9
2971	2.3.1.41	9
2971	2.3.1.38	9
2971	2.3.1.41	9
2971	2.3.1.39	9
2971	2.3.1.41	9
2971	2.3.1.41	9
2971	2.3.1.41	9
2971	2.3.1.41	9
2971	2.3.1.41	9
2971	2.3.1.41	9
2971	2.3.1.41	9
2971	2.3.1.41	9
2971	2.3.1.41	9
2971	2.3.1.41	9
2971	2.3.1.41	9
2971	2.3.1.41	9
2971	2.3.1.39	9
2971	2.3.1.41	9
2975	1.1.1.8	9
2975	1.1.99.5	9
2977	1.11.1.6	9
2977	1.11.1.6	9
2997	3.5.4	9
3002	3.6.5	9
3002	3.6.5.1	9
3009	1.5.1.5	9
3011	2.7.3.3	9
3013	3.6.5	9
3013	3.6.5.1	9
3017	4.2.1.1	9
3017	4.2.1.1	9
3026	4.2.1.1	9
3026	4.2.1.1	9
3028	3.1.3.1	9
3028	3.1.3.1	9
3035	6.3.2.25	9
3039	1.3.99.1	9
3044	3.4.17.1	9
3050	3.6.3.14	9
3050	3.6.3.6	9
3054	3.4.21.4	9
3067	3.4.23.1	9
3068	3.2.1.20	9
3068	3.2.1.20	9
3068	3.2.1.20	9
3070	3.5.4.6	9
3072	3.4.21.4	9
3082	1.14.11.4	9
3084	2.4.1.17	9
3084	2.4.1.17	9
3084	2.4.1.17	9
3084	2.4.1.17	9
3084	2.4.1.17	9
3084	2.4.1.17	9
3091	6.3.2.19	9
3094	3.4.11.2	9
3094	3.4.11.2	9
3094	3.4.11.2	9
3095	2.7.1.107	9
3096	3.1.1.4	9
3096	3.1.1.4	9
3099	3.6.4.5	9
3100	3.6.5.2	9
3100	3.6.5.2	9
3103	3.4.11.1	9
3105	4.2.1.3	9
3105	4.2.1.3	9
3117	3.1.3.1	9
3117	3.1.3.1	9
3125	3.4.21.26	9
3126	3.1.1.3	9
3126	3.1.1.32	9
3127	3.6.1.15	9
3130	3.6.1.3	9
3137	2.4.2.10	9
3137	4.1.1.23	9
3147	1.9.3.1	9
3148	3.6.1.3	9
3152	5.2.1.2	9
3152	2.5.1.18	9
3152	2.5.1.18	9
3160	3.6.1.3	9
3164	6.3.2.19	9
3174	2.7.7.6	9
3188	2.4.2.28	9
3190	3.2.1.14	9
3192	3.5.1.28	9
3192	3.5.1.28	9
3193	1.6.5.3	9
3193	1.6.99.3	9
3197	3.4.11.2	9
3197	3.4.11.2	9
3197	3.4.11.2	9
3200	3.6.3.1	9
3201	1.14.11.1	9
3204	3.4.15.1	9
3216	3.6.1.3	9
3216	3.6.3.44	9
3216	2.7.11.1	9
3218	3.2.1.17	9
3222	3.1.3.41	9
3225	3.2.1.24	9
3228	3.1.2.3	9
3228	3.1.2.20	9
3228	3.1.2.2	9
3228	3.1.2.2	9
3228	3.1.2.2	9
3228	3.1.2	9
3228	3.1.2.2	9
3228	3.1.2	9
3228	3.1.2.2	9
3228	3.1.2.2	9
3235	3.1.3.2	9
3235	3.1.3.2	9
3235	3.1.3.48	9
3243	1.15.1.1	9
3248	2.7.11.1	9
3257	6.3.4.10	9
3257	6.3.4.15	9
3258	3.1.1.34	9
3261	3.4.24.11	9
3262	3.6.3.14	9
3262	3.6.3.6	9
3272	2.4.2.30	9
3274	3.6.1.3	9
3285	6.3.2.19	9
3288	1.17.1.4	9
3288	1.17.1.4	9
3288	1.17.3.2	9
3291	3.6.1.3	9
3292	4.3.3.2	9
3296	1.5.1.6	9
3298	2.7.10.1	9
3300	2.3.1.6	9
3303	3.4.21.4	9
3308	2.4.1	9
3308	2.4.1	9
3308	2.4.1.215	9
3308	2.4.1	9
3308	2.4.1.17	9
3308	2.4.1	9
3308	2.4.1.17	9
3308	2.4.1.17	9
3308	2.4.1	9
3308	2.4.1	9
3308	2.4.1	9
3308	2.4.1.17	9
3308	2.4.1	9
3308	2.4.1	9
3308	2.4.1.203	9
3308	2.4.1.17	9
3308	2.4.1.17	9
3308	2.4.1	9
3308	2.4.1	9
3308	2.4.1	9
3308	2.4.1	9
3308	2.4.1	9
3308	2.4.1	9
3311	6.3.5	9
3311	6.3.5.7	9
3313	2.3.1.16	9
3313	1.1.1.211	9
3315	3.5.1.41	9
3322	1.4.1.13	9
3322	1.4.1.4	9
3322	6.3.1.2	9
3324	1.3.5.1	9
3328	2.7.10.2	9
3333	3.2.1.14	9
3338	2.7.7.34	9
3340	6.2.1.3	9
3340	6.2.1.3	9
3340	6.2.1.3	9
3340	6.2.1.3	9
3340	6.2.1.15	9
3340	6.2.1.3	9
3340	6.2.1.3	9
3343	2.7.9.3	9
3347	3.6.1.3	9
3350	3.6.3.14	9
3350	3.6.3.6	9
3352	4.6.1.1	9
3355	2.1.1.32	9
3358	3.1.1.1	9
3359	2.4.1.17	9
3359	2.4.1.17	9
3359	2.4.1.17	9
3359	2.4.1.17	9
3359	2.4.1.17	9
3359	2.4.1.17	9
3360	1.14.17.1	9
3361	3.5.2.5	9
3363	3.2.2.23	9
3363	4.2.99.18	9
3363	4.2.99.18	9
3363	3.2.2.23	9
3364	3.4.11.1	9
3366	6.1.1.20	9
3368	1.1.1.40	9
3375	3.5.4.4	9
3377	6.3.2.19	9
3386	3.1.4.35	9
3392	3.4.15.1	9
3396	2.7.4.3	9
3398	2.6.1.44	9
3398	2.6.1.51	9
3399	6.1.1.5	9
3401	3.4.11.9	9
3405	2.1.1.66	9
3417	1.1.3.16	9
3423	3.4.21.4	9
3425	3.1.3.56	9
3425	3.1.3.56	9
3433	3.1.1.1	9
3437	1.14.11.12	9
3439	1.9.3.1	9
3445	3.2.1.14	9
3448	3.4.24.11	9
3452	3.6.3.14	9
3452	3.6.3.6	9
3457	2.4.1.41	9
3461	2.5.1.60	9
3463	2.5.1.18	9
3463	2.5.1.18	9
3468	1.14.11.2	9
3475	3.1.2.4	9
3475	3.1.2.4	9
3476	6.3.2.19	9
3478	3.1.3.18	9
3485	2.3.1.21	9
3490	3.6.1.3	9
3490	3.4.21.92	9
3491	3.6.5	9
3491	3.6.5.1	9
3495	6.1.1.21	9
3502	3.2.1.52	9
3502	3.2.1.52	9
3524	3.4.19.9	9
3524	3.4.19.9	9
3524	3.4.19.9	9
3532	2.4.1.87	9
3532	2.4.1	9
3532	2.4.1	9
3532	2.4.1	9
3534	3.4.11.2	9
3534	3.4.11.2	9
3534	3.4.11.2	9
3535	3.1.2.15	9
3540	2.7.7.49	9
3544	3.1.1.4	9
3544	3.1.1.4	9
3550	3.6.1.3	9
3554	2.7.7.49	9
3558	2.7.7.49	9
3562	3.4.21.4	9
3563	1.9.3.1	9
3567	3.6.1.3	9
3569	3.1.3.5	9
3569	3.1.3.5	9
3569	3.1.3.5	9
3573	3.1.2.15	9
3576	2.4.1.17	9
3576	2.4.1.17	9
3576	2.4.1.17	9
3576	2.4.1.17	9
3576	2.4.1.17	9
3576	2.4.1.17	9
3576	2.4.1.223	9
3591	2.7.4.8	9
3592	3.5.4.5	9
3592	3.5.4.5	9
3594	2.4.1.149	9
3602	2.1.1.43	9
3606	2.7.11.1	9
3608	2.7.3.3	9
3612	2.7.1.107	9
3617	6.3.2.19	9
3620	2.4.1.17	9
3620	2.4.1.17	9
3620	2.4.1.17	9
3620	2.4.1.17	9
3620	2.4.1.17	9
3620	2.4.1.17	9
3620	2.4.1.135	9
3621	3.1.26.5	9
3630	3.5.1.2	9
3632	3.2.1.22	9
3636	2.4.2.14	9
3637	4.2.1.1	9
3637	4.2.1.1	9
3670	3.6.1.3	9
3681	6.1.1.20	9
3683	2.4.1.149	9
3686	3.1.1.3	9
3687	4.2.1.2	9
3690	3.6.1.3	9
3691	2.7.11.1	9
3701	6.1.1.11	9
3701	6.1.1.11	9
3703	1.14.11.2	9
3708	3.6.1.3	9
3714	3.1.1.1	9
3715	2.4.1.17	9
3715	2.4.1.17	9
3715	2.4.1.17	9
3715	2.4.1.17	9
3715	2.4.1.17	9
3715	2.4.1.17	9
3717	6.1.1.9	9
3719	3.1.3.48	9
3724	3.1.1.1	9
3727	2.7.11.1	9
3728	4.2.99.18	9
3728	4.2.99.18	9
3731	2.3.1.37	9
3735	3.1.1.3	9
3736	2.7.7.4	9
3736	2.7.1.25	9
3737	2.7.11.1	9
3738	3.1.3.16	9
3757	2.7.8.2	9
3759	3.1.3.4	9
3760	2.7.11.22	9
3760	2.7.11.23	9
3766	3.2.1.25	9
3778	3.6.1.1	9
3779	6.3.2.19	9
3785	4.6.1.1	9
3786	2.7.7.12	9
3786	2.7.7.10	9
3805	3.4.21.36	9
3805	3.4.24.26	9
3816	2.7.11.1	9
3816	2.7.11.22	9
3818	3.5.1.14	9
3828	3.6.1.3	9
3844	1.9.3.1	9
3846	3.4.11.1	9
3849	3.6.5	9
3849	3.6.5.1	9
3855	3.4.23.5	9
3855	3.4.23.1	9
3857	2.7.1.40	9
3859	1.11.1.7	9
3859	1.11.1.7	9
3862	3.1.3.18	9
3865	1.1.1.21	9
3865	1.1.1.21	9
3866	3.4.24.61	9
3870	1.1.1.14	9
3870	1.1.1.14	9
3874	2.7.7.6	9
3883	2.1.1.43	9
3885	3.1.3.5	9
3885	3.1.3.5	9
3885	3.1.3.5	9
3885	3.1.3.5	9
3885	3.1.3.5	9
3885	3.1.3.5	9
3886	2.5.1.18	9
3886	2.5.1.18	9
3890	3.5.1.98	9
3891	3.4.17.1	9
3896	1.14.11	9
3896	1.14.11	9
3896	1.14.11.12	9
3896	1.14.11	9
3896	1.14.11	9
3896	1.14.11	9
3896	1.14.11	9
3896	1.14.11	9
3896	1.14.11	9
3896	1.14.11	9
3896	1.14.11	9
3896	1.14.11	9
3896	1.14.11	9
3898	4.2.1.2	9
3903	3.6.5.5	9
3903	3.6.5.5	9
3907	3.6.1.17	9
3921	3.4.21.4	9
3930	2.7.7.49	9
3950	6.3.2.19	9
3951	6.3.2.19	9
3961	3.1.3.1	9
3961	3.1.3.1	9
3964	1.6.5.3	9
3964	1.6.99.3	9
3967	2.4.1.186	9
3967	2.4.1.186	9
3971	3.2.1.20	9
3971	3.2.1.20	9
3971	3.2.1.20	9
3972	3.6.3.14	9
3972	3.6.3.6	9
3973	3.6.4.4	9
3981	3.1.1.4	9
3981	3.1.1.4	9
3986	1.1.1.8	9
3989	1.9.3.1	9
3994	6.3.4.4	9
3995	3.4.11.18	9
4004	3.4.21.4	9
4006	2.1.1.33	9
4007	1.2.4.2	9
4014	3.1.3.16	9
4016	3.6.1.3	9
4024	6.3.2.19	9
4027	3.4.24.21	9
4029	3.6.1.3	9
4032	3.6.1.3	9
4045	4.2.1.1	9
4045	4.2.1.1	9
4055	3.1.2.15	9
4058	1.6.5.3	9
4058	1.6.99.3	9
4069	3.4.21.4	9
4073	6.3.2.25	9
4075	3.6.3.44	9
4075	1.18.6.1	9
4084	1.14.19.1	9
4089	3.6.1.3	9
4096	2.7.3.3	9
4098	3.4.24.11	9
4102	2.5.1.18	9
4102	1.8.5.1	9
4102	2.5.1.18	9
4102	1.5.4.1	9
4113	2.3.1.13	9
4118	2.7.8.8	9
4122	1.11.1.7	9
4122	1.11.1.7	9
4132	3.4.17.1	9
4133	3.4.11.1	9
4140	3.6.1.3	9
4140	2.7.7.7	9
4141	1.14.11.2	9
4144	2.7.11.24	9
4145	3.2.1.1	9
4145	3.2.1.1	9
4145	3.2.1.1	9
4145	3.2.1.1	9
4147	3.1.3.12	9
4148	3.2.1.24	9
4152	3.6.5.2	9
4152	3.6.5.2	9
4154	1.1.5.2	9
4154	1.1.1.47	9
4157	2.7.11.1	9
4165	4.2.3.12	9
4170	3.4.21.4	9
4172	3.1.3.48	9
4178	3.6.1.3	9
4184	2.4.2.26	9
4184	2.4.1.223	9
4184	1.2.1.12	9
4190	5.2.1.8	9
4198	1.8.3.2	9
4206	1.15.1.1	9
4208	1.14.17.1	9
4209	3.1.6.1	9
4214	3.6.1.3	9
4219	3.6.1.15	9
4227	3.6.5.1	9
4227	2.7.11.1	9
4231	3.1.4.46	9
4235	3.2.1.17	9
4247	3.4.21.4	9
4255	3.1.3.2	9
4255	3.1.3.2	9
4257	3.1.3.64	9
4271	3.2.1.17	9
4272	3.1.3.16	9
4298	3.1.1.3	9
4301	2.7.7.6	9
4306	2.7.11.1	9
4307	5.2.1.8	9
4312	2.7.11.1	9
4326	3.4.21.4	9
4335	1.3.99.3	9
4335	1.3.3.6	9
4335	1.3.99.3	9
4335	1.3.99.3	9
4336	1.6.99.3	9
4338	5.3.3.8	9
4338	5.3.3.8	9
4338	5.3.3.8	9
4339	2.7.11.1	9
4343	3.4.21.1	9
4344	3.4.23.36	9
4345	3.6.5	9
4345	3.6.5.1	9
4362	3.4.24.11	9
4363	6.3.1.2	9
4364	3.2.1.20	9
4364	3.2.1.20	9
4364	3.2.1.20	9
4370	3.2.1.113	9
4375	1.6.2.2	9
4378	3.4.23.1	9
4379	4.2.1.2	9
4381	3.6.3.14	9
4381	3.6.3.6	9
4390	1.4.1.3	9
4397	6.3.2.19	9
4398	3.6.3.14	9
4398	3.6.3.6	9
4404	3.6.3.44	9
4407	2.7.11.1	9
4408	3.1.2.15	9
4410	3.4.21.4	9
4417	3.4.21.1	9
4428	6.3.2.19	9
4430	4.1.1.37	9
4440	6.1.1.5	9
4441	1.6.5.3	9
4449	3.4.17.1	9
4456	1.8.3.2	9
4461	3.4.17.1	9
4464	1.11.1.7	9
4464	1.11.1.7	9
4467	4.6.1.1	9
4469	1.3.99.13	9
4473	2.7.1.127	9
4476	4.6.1.2	9
4483	6.2.1.12	9
4483	6.2.1.12	9
4483	6.2.1.12	9
4483	6.2.1.12	9
4486	4.6.1.1	9
4490	1.6.5.3	9
4490	1.6.99.3	9
4494	3.6.1.3	9
4496	3.6.1.3	9
4497	2.7.1.68	9
4498	3.1.1.7	9
4498	3.1.1.8	9
4501	2.5.1.18	9
4501	2.5.1.18	9
4506	1.3.3.4	9
4506	1.3.3.4	9
4508	2.5.1.26	9
4510	2.7.11.1	9
4514	2.4.1.17	9
4514	2.4.1.17	9
4514	2.4.1.17	9
4514	2.4.1.17	9
4514	2.4.1.17	9
4514	2.4.1.17	9
4517	3.6.3.14	9
4528	6.1.1.2	9
4531	6.3.2.19	9
4532	2.1.1.126	9
4534	2.7.11.1	9
4540	3.1.11.2	9
4549	6.3.2.19	9
4555	2.6.1.2	9
4555	4.4.1.14	9
4557	1.14.11.2	9
4560	3.4.21.4	9
4564	4.6.1.2	9
4566	2.3.1.51	9
4566	2.3.1.51	9
4575	3.1.1.3	9
4578	1.1.99.10	9
4580	6.3.2.19	9
4583	3.6.1.3	9
4584	2.7.1.10	9
4584	2.7.1.11	9
4585	3.6.3.35	9
4585	3.6.3.8	9
4589	1.11.1.7	9
4589	1.11.1.7	9
4590	2.4.1.198	9
4591	2.7.10.1	9
4592	3.6.5	9
4592	3.6.5.1	9
4608	2.4.1.17	9
4608	2.4.1.17	9
4608	2.4.1.17	9
4608	2.4.1.17	9
4608	2.4.1.17	9
4608	2.4.1.17	9
4611	1.14.17.3	9
4611	1.14.17.1	9
4615	2.7.11.1	9
4618	2.7.1.7	9
4618	2.7.1.1	9
4618	2.7.1.1	9
4618	2.7.1.2	9
4618	2.7.1.1	9
4625	3.4.21.4	9
4626	2.4.99.1	9
4626	2.4.99.10	9
4629	3.4.21.4	9
4630	2.3.2.8	9
4633	2.7.11.1	9
4633	2.7.11.20	9
4634	3.1.2.15	9
4637	1.14.17.1	9
4639	3.6.1.3	9
4640	3.5.4.1	9
4644	1.1.1.62	9
4651	3.1.13.4	9
4651	3.1.2.15	9
4653	1.14.19.1	9
4654	1.6.99.3	9
4657	3.6.3.14	9
4657	3.6.3.6	9
4664	3.6.1.3	9
4681	3.1.3.2	9
4681	3.1.3.2	9
4681	3.1.3.16	9
4688	2.3.1.50	9
4693	2.7.7.6	9
4693	2.3.1.48	9
4702	6.1.1.3	9
4703	2.7.7.7	9
4712	3.5.1.9	9
4714	2.7.1.20	9
4717	1.10.2.2	9
4718	3.6.5	9
4718	3.6.5.1	9
4724	2.4.2.38	9
4724	2.4.1.244	9
4725	3.6.3.14	9
4725	3.6.3.6	9
4728	3.2.1.24	9
4728	3.2.1.114	9
4729	1.2.1.5	9
4729	1.2.1.5	9
4729	1.2.1.5	9
4729	1.2.1.5	9
4729	1.2.1.5	9
4731	2.4.1.149	9
4732	4.2.1.70	9
4732	5.4.99.12	9
4744	3.6.5	9
4744	3.6.5.1	9
4748	2.7.1.40	9
4757	1.9.3.1	9
4765	3.4.21.4	9
4767	3.1.3.1	9
4767	3.1.3.1	9
4769	1.5.1.12	9
4769	1.5.1.12	9
4769	1.5.1.12	9
4769	1.5.1.12	9
4778	3.1.3.48	9
4781	1.1.1.41	9
4786	1.1.1.21	9
4786	1.1.1.21	9
4789	3.4.24.11	9
4795	4.1.1.17	9
4800	3.6.1.3	9
4807	3.6.3.14	9
4807	3.6.3.6	9
4811	2.3.2.13	9
4812	3.1.4.12	9
4823	3.6.1.3	9
4825	2.7.7.6	9
4830	3.6.5	9
4830	3.6.5.1	9
4831	3.1.3.41	9
4832	1.6.99.3	9
4834	2.5.1.60	9
4835	4.4.1.1	9
4835	4.4.1.1	9
4835	4.4.1.1	9
4836	3.4.11.18	9
4839	2.7.1.17	9
4855	3.6.1.3	9
4857	3.6.1.3	9
4859	2.7.11.1	9
4863	2.7.11.1	9
4865	4.2.1.1	9
4865	4.2.1.1	9
4866	3.1.3.16	9
4869	5.2.1.8	9
4870	3.1.1.1	9
4882	2.3.1.97	9
4885	3.4.24.19	9
4888	1.10.2.2	9
4898	4.1.1.37	9
4902	2.4.1.221	9
4910	1.2.1.12	9
4919	2.7.1.67	9
4920	3.2.1.24	9
4921	3.6.1.15	9
4929	2.7.7.50	9
4929	3.1.3.48	9
4930	2.7.7.49	9
4934	2.5.1.18	9
4934	2.5.1.18	9
4940	4.2.1.2	9
4947	3.1.3.41	9
4948	3.6.1.15	9
4962	1.1.1.1	9
4962	1.1.1.1	9
4962	1.1.1.1	9
4962	1.1.1.1	9
4962	1.1.1.1	9
4962	1.1.1.1	9
4962	1.1.1.1	9
4962	1.1.1.1	9
4962	1.1.1.1	9
4962	1.1.1.1	9
4968	5.1.3.2	9
4969	3.2.1.20	9
4969	3.2.1.20	9
4969	3.2.1.20	9
4972	3.6.3.14	9
4972	3.6.3.6	9
4974	3.6.3.14	9
4974	3.6.3.6	9
4976	6.1.1.22	9
4976	6.1.1	9
4976	6.1.1.12	9
4978	2.7.11.1	9
4984	3.4.21.4	9
4991	6.3.2.19	9
5002	3.6.5	9
5002	3.6.5.1	9
5009	2.7.1.160	9
5012	6.2.1.12	9
5012	6.2.1.12	9
5012	6.2.1.12	9
5012	6.2.1.12	9
5013	3.4.21.4	9
5019	2.7.11.1	9
5021	3.1.4.4	9
5030	3.4.17.1	9
5034	3.4.21.1	9
5035	2.3.2.2	9
5035	2.3.2.2	9
5035	2.3.2.2	9
5036	3.4.14.11	9
5036	3.4.14.5	9
5038	6.4.1.4	9
5038	6.4.1.3	9
5045	2.7.4.6	9
5045	2.7.4.6	9
5045	2.7.4.6	9
5045	2.7.4.6	9
5045	2.7.4.6	9
5045	2.7.4.6	9
5045	2.7.4.6	9
5045	2.7.4.6	9
5048	2.7.10.1	9
5054	1.1.99.5	9
5054	1.1.99.5	9
5054	1.1.99.5	9
5054	1.1.99.5	9
5055	3.6.5	9
5055	3.6.5.1	9
5065	1.14.11.2	9
5080	2.7.7.49	9
5085	3.1.3.48	9
5087	3.6.3.6	9
5092	6.3.2.19	9
5095	1.2.1.12	9
5096	1.1.1.37	9
5100	3.2.1.51	9
5121	1.11.1.7	9
5121	1.11.1.7	9
5126	3.5.1.41	9
5127	3.6.1.3	9
5133	3.5.4.4	9
5139	1.6.5.3	9
5140	6.3.2.19	9
5142	1.13.11.11	9
5159	2.3.1.51	9
5159	2.3.1.51	9
5164	3.6.1.3	9
5170	1.11.1.7	9
5170	1.11.1.7	9
5170	1.11.1.15	9
5170	1.11.1	9
5173	4.2.99.18	9
5173	4.2.99.18	9
5175	3.6.5	9
5175	3.6.5.1	9
5176	2.3.1.119	9
5176	2.4.1.34	9
5184	3.6.1.3	9
5196	3.6.1.3	9
5197	3.2.1.24	9
5197	3.2.1.114	9
5198	3.6.1.3	9
5207	3.4.24.26	9
5211	3.4.21.1	9
5213	3.1.3.4	9
5215	3.6.1.3	9
5219	2.7.7.49	9
5226	1.9.3.1	9
5234	3.1.3.48	9
5235	2.4.1.1	9
5235	2.4.1.1	9
5235	2.4.1.1	9
5235	2.4.1.1	9
5235	2.4.1.1	9
5235	2.4.1.1	9
5237	3.4.21.1	9
5240	2.1.1.43	9
5243	3.5.1.14	9
5253	2.4.2.3	9
5262	4.1.1.11	9
5262	4.1.1.15	9
5264	5.2.1.8	9
5267	3.6.3.6	9
5279	2.7.1.30	9
5287	1.5.1.2	9
5298	3.2.1.24	9
5302	3.4.24.64	9
5302	1.10.2.2	9
5309	5.3.4.1	9
5324	2.7.11.11	9
5324	2.7.11.1	9
5325	5.3.3.12	9
5326	3.1.3.48	9
5331	1.1.1.21	9
5331	1.1.1.21	9
5334	6.3.2.19	9
5343	1.5.99	9
5343	1.5.99.8	9
5343	1.5.99.8	9
5349	2.4.1.45	9
5356	3.6.5.1	9
5373	2.8.2.9	9
5378	2.5.1.18	9
5378	2.5.1.18	9
5379	3.4.21.92	9
5382	3.1.1.3	9
5382	3.1.1.32	9
5384	3.6.1.3	9
5386	2.7.11.1	9
5386	2.7.11.22	9
5391	4.2.1.1	9
5391	4.2.1.1	9
5392	5.2.1.8	9
5395	3.6.1.3	9
5400	3.4.11.1	9
5403	2.5.1.18	9
5403	1.8.5.1	9
5403	2.5.1.18	9
5403	1.5.4.1	9
5406	3.1.3.43	9
5406	3.1.3.16	9
5408	3.6.5.2	9
5408	3.6.5.2	9
5414	3.1.3.18	9
5417	4.1.2.13	9
5417	4.1.2.13	9
5418	4.2.1.1	9
5418	4.2.1.1	9
5421	4.6.1.1	9
5427	3.6.1.3	9
5431	2.4.1.87	9
5441	6.5.1.1	9
5446	3.1.1.1	9
5453	5.2.1.8	9
5454	4.6.1.2	9
5455	1.10.2.2	9
5463	2.7.7.49	9
5475	2.3.1.16	9
5475	2.3.1.176	9
5475	2.3.1.176	9
5481	3.4.21.4	9
5497	2.7.7.6	9
5498	2.3.1.51	9
5498	2.3.1.51	9
5506	1.4.3.5	9
5506	1.4.3.5	9
5508	2.6.1.2	9
5514	3.4.24.21	9
5516	3.1.3.16	9
5519	3.6.1.15	9
5526	3.6.1.3	9
5529	5.2.1.8	9
5534	3.6.5	9
5534	3.6.5.1	9
5537	3.6.1.3	9
5538	3.6.5	9
5538	3.6.5.1	9
5539	2.4.1.17	9
5539	2.4.1.17	9
5539	2.4.1.17	9
5539	2.4.1.17	9
5539	2.4.1.17	9
5539	2.4.1.17	9
5541	3.2.1.14	9
5547	3.2.1.45	9
5556	2.7.11.24	9
5557	6.1.1.15	9
5557	6.1.1.17	9
5561	3.4.21.4	9
5567	3.1.3.16	9
5570	2.7.11.1	9
5574	3.6.3.9	9
5600	5.4.2.8	9
5601	2.3.1.61	9
5605	1.14.17.1	9
5617	2.4.2.29	9
5627	4.1.99.3	9
5632	3.6.3.14	9
5639	3.4.21.4	9
5642	3.6.1.3	9
5643	3.6.5	9
5643	3.6.5.1	9
5654	3.6.5	9
5654	3.6.5.1	9
5660	4.1.1.15	9
5667	5.2.1.8	9
5674	3.1.2.15	9
5678	3.4.11.1	9
5681	6.1.1.6	9
5682	2.7.11.1	9
5683	3.4.21.4	9
5694	3.5.99.6	9
5701	3.6.5	9
5701	3.6.5.1	9
5704	3.6.1.3	9
5706	3.1.3.25	9
5706	3.1.3.25	9
5707	3.6.1.3	9
5713	3.4.23.5	9
5713	3.4.23.1	9
5719	3.6.1.3	9
5726	3.6.1.3	9
5728	4.6.1.2	9
5739	6.3.2.19	9
5741	2.4.1.224	9
5741	2.4.1.17	9
5741	2.4.1.17	9
5741	2.4.1.17	9
5741	2.4.1.225	9
5741	2.4.1.17	9
5741	2.4.1.17	9
5741	2.4.1.17	9
5741	2.4.1.223	9
5742	1.1.99.1	9
5743	2.1.1.37	9
5743	2.1.1.37	9
5745	2.7.8.27	9
5754	6.2.1.3	9
5754	6.2.1.3	9
5754	6.2.1.3	9
5754	6.2.1.3	9
5754	6.2.1.15	9
5754	6.2.1.3	9
5754	6.2.1.3	9
5761	1.14.11.12	9
5765	1.4.1.3	9
5767	3.4.21.4	9
5770	2.4.1	9
5770	2.4.1	9
5770	2.4.1.215	9
5770	2.4.1	9
5770	2.4.1	9
5770	2.4.1	9
5770	2.4.1	9
5770	2.4.1	9
5770	2.4.1	9
5770	2.4.1	9
5770	2.4.1.222	9
5770	2.4.1.203	9
5770	2.4.1	9
5770	2.4.1	9
5770	2.4.1.223	9
5770	2.4.1	9
5770	2.4.1	9
5770	2.4.1	9
5770	2.4.1	9
5775	2.3.2.5	9
5779	3.6.1.17	9
5782	3.6.1.3	9
5792	3.1.3.2	9
5792	3.1.3.2	9
5799	2.7.11.1	9
5809	2.4.1.119	9
5812	3.6.1.3	9
5812	3.6.3.44	9
5821	3.6.3.14	9
5829	2.7.4.8	9
5829	2.7.4.12	9
5829	2.7.11.1	9
5829	2.7.11.17	9
5835	1.6.99.3	9
5839	3.6.1.3	9
5847	2.4.2.3	9
5848	2.7.11.1	9
5848	2.7.11.16	9
5851	3.5.1.98	9
5852	1.13.11.5	9
5856	2.4.1.17	9
5856	2.4.1.17	9
5856	2.4.1.17	9
5856	2.4.1.17	9
5856	2.4.1.17	9
5856	2.4.1.17	9
5856	2.4.1.135	9
5864	3.6.1.3	9
5874	3.1.3.16	9
5877	1.2.1.27	9
5882	3.4.22.15	9
5889	3.6.5	9
5889	3.6.5.1	9
5894	1.8.1.9	9
5895	3.6.1.3	9
5904	2.7.11.1	9
5911	5.2.1.8	9
5917	1.14.17.1	9
5923	3.4.24.57	9
5924	1.4.3.4	9
5924	1.4.3.4	9
5940	1.2.4.1	9
5945	3.6.1.15	9
5952	2.7.1.30	9
5961	1.6.5.3	9
5961	1.6.5	9
5961	1.6.99.3	9
5976	2.7.1.3	9
5977	3.4.21.4	9
5978	3.6.5	9
5978	3.6.5.1	9
5979	3.6.1.3	9
5980	4.6.1.2	9
5981	2.1.1.43	9
5984	1.1.1.34	9
5984	3.2.1.21	9
5984	3.2.1.21	9
5984	3.2.1.21	9
5984	3.2.1.21	9
5984	3.2.1.21	9
5984	1.1.1.88	9
5988	1.1.99.5	9
5988	1.1.99.5	9
5988	1.1.99.5	9
5988	1.1.99.5	9
5996	4.1.2.5	9
5996	4.1.2.5	9
5996	4.1.2.5	9
6001	3.6.1.3	9
6008	6.3.1.2	9
6012	2.7.11.1	9
6014	2.7.11.1	9
6019	6.5.1.1	9
6025	3.6.1.3	9
6027	2.7.11.1	9
6027	2.7.11.16	9
6031	3.6.1.3	9
6041	3.6.1.3	9
6042	3.6.1.3	9
6044	3.6.1.15	9
6056	2.3.1.48	9
6067	1.1.5.2	9
6068	3.6.1.3	9
6084	2.4.1.17	9
6084	2.4.1.17	9
6084	2.4.1.17	9
6084	2.4.1.17	9
6084	2.4.1.17	9
6084	2.4.1.17	9
6085	3.4.24.59	9
6090	3.1.4.17	9
6094	3.4.21.4	9
6098	3.1.26.3	9
6101	2.5.1.18	9
6101	2.5.1.18	9
6119	3.1.6.12	9
6129	1.11.1.12	9
6129	1.11.1.7	9
6129	1.11.1.9	9
6129	1.11.1.7	9
6132	1.5.1.7	9
6135	3.4.11.1	9
6136	3.6.5	9
6136	3.6.5.1	9
6139	3.6.1.3	9
6140	2.3.1.41	9
6140	2.3.1.41	9
6140	2.3.1.41	9
6140	2.3.1.41	9
6140	2.3.1.41	9
6140	2.3.1.41	9
6140	2.3.1.41	9
6140	2.3.1.41	9
6140	2.3.1.41	9
6140	2.3.1.41	9
6140	2.3.1.41	9
6140	2.3.1.41	9
6140	2.3.1.41	9
6140	2.3.1.41	9
6140	2.3.1.41	9
6140	2.3.1.41	9
6140	2.3.1.41	9
6151	4.1.3.4	9
6152	1.14.18.1	9
6156	3.6.1.3	9
6157	4.6.1.1	9
6160	2.3.3.1	9
6167	3.1.3.4	9
6173	6.3.2.25	9
6174	3.6.1.3	9
6176	3.6.1.3	9
6177	3.1.1.4	9
6177	3.1.1.4	9
6178	2.3.1.48	9
6186	3.5.4.5	9
6186	3.5.4.5	9
6189	6.3.2.19	9
6191	2.3.1.26	9
6191	2.3.1.20	9
6192	3.6.1.3	9
6200	2.7.8.13	9
6200	2.7.8.13	9
6200	2.7.8.13	9
6206	2.7.4.3	9
6206	3.1.27.9	9
6211	3.6.4.4	9
6217	2.7.7.6	9
6218	1.14.11.2	9
6219	3.1.3.18	9
6226	2.7.11.1	9
6226	2.7.11.17	9
6228	3.4.15.1	9
6229	3.1.1.3	9
6229	3.1.1.32	9
6234	2.7.11.19	9
6258	2.7.7.49	9
6278	3.1.1.3	9
6278	3.1.1.32	9
6280	3.6.1.42	9
6280	3.6.1.15	9
6280	3.6.1.6	9
6285	2.7.1.68	9
6285	2.7.1.150	9
6287	3.1.1.1	9
6290	3.6.5	9
6290	3.6.5.1	9
6296	3.6.5	9
6296	3.6.5.1	9
6297	2.7.7.49	9
6304	2.1.1.126	9
6305	3.1.4.3	9
6305	4.6.1.14	9
6307	2.7.7.6	9
6315	6.1.1.19	9
6320	3.1.26.5	9
6324	1.14.16.2	9
6325	2.3.1.97	9
6331	1.1.1.1	9
6331	1.1.1.1	9
6331	1.1.1.1	9
6331	1.1.1.1	9
6331	1.1.1.1	9
6331	1.1.1.1	9
6331	1.1.1.1	9
6331	1.1.1.1	9
6331	1.1.1.1	9
6331	1.1.1.1	9
6332	3.5.1.41	9
6335	3.6.1.7	9
6337	2.4.1	9
6343	6.3.2.19	9
6349	5.3.1.8	9
6356	3.1.3.48	9
6358	3.6.1.3	9
6362	3.1.1.1	9
6368	3.6.1.3	9
6378	2.7.11.1	9
6384	2.7.11.1	9
6384	2.7.11.13	9
6395	1.1.1.184	9
6397	3.6.4.4	9
6403	2.4.1.41	9
6410	2.7.11.11	9
6410	2.7.11.1	9
6412	2.7.3.9	9
6413	1.14.19.1	9
6414	5.4.2.3	9
6420	2.7.11.1	9
6422	6.3.2.19	9
6425	5.3.4.1	9
6432	6.1.1.12	9
6433	1.10.2.2	9
6436	2.7.1.107	9
6447	2.7.11.1	9
6447	2.7.11.10	9
6451	2.7.11.12	9
6452	6.2.1.12	9
6452	6.2.1.12	9
6452	6.2.1.12	9
6452	6.2.1.12	9
6462	3.6.1.3	9
6464	2.4.1.87	9
6466	3.1.3.11	9
6471	2.7.11.1	9
6476	1.12.7.2	9
6481	3.1.3.16	9
6493	3.4.21.4	9
6496	2.1.1.43	9
6496	3.6.5	9
6497	3.4.23.1	9
6498	2.7.4.9	9
6500	3.4.21.4	9
6503	1.1.1.37	9
6512	3.6.5	9
6512	3.6.5.1	9
6517	3.6.1.3	9
6518	3.1.3.16	9
6521	1.6.5.3	9
6521	1.6.99.3	9
6522	3.6.5	9
6522	3.6.5.1	9
6526	2.7.1.40	9
6528	2.5.1.18	9
6528	2.5.1.18	9
6535	3.1.4.11	9
6538	1.8.1.7	9
6538	1.8.1.9	9
6539	2.4.1.41	9
6545	3.2.1.14	9
6549	3.1.4.12	9
6556	6.5.1.1	9
6559	2.7.11.1	9
6569	2.7.1.30	9
6570	3.6.1.3	9
6572	4.3.1.19	9
6573	1.17.4.1	9
6573	1.17.4.1	9
6573	1.17.4.1	9
6573	1.17.4.1	9
6583	6.5.1.1	9
6584	3.6.1.3	9
6585	4.6.1.2	9
6590	2.3.3.8	9
6590	6.2.1.5	9
6593	3.4.22.15	9
6595	3.3.1.1	9
6602	3.6.1.3	9
6609	3.4.11.2	9
6609	3.4.11.2	9
6609	3.4.11.2	9
6610	2.7.10.2	9
6621	3.4.11.1	9
6622	3.4.21.4	9
6630	1.1.1.145	9
6630	1.1.1.145	9
6633	3.1.1.3	9
6633	3.1.1.32	9
6635	3.6.5.4	9
6635	3.6.5.4	9
6638	3.6.3.16	9
6643	5.99.1.2	9
6643	2.7.7.7	9
6647	6.1.1.20	9
6649	3.5.1.28	9
6649	3.5.1.28	9
6653	4.6.1.1	9
6664	3.6.5	9
6664	3.6.5.1	9
6665	3.2.1.17	9
6668	1.1.99.1	9
6673	4.1.1.65	9
6677	3.6.1.3	9
6679	3.1.1.5	9
6679	3.5.1.1	9
6687	4.4.1.1	9
6687	2.8.1.7	9
6687	4.4.1.1	9
6687	4.4.1.1	9
6697	4.4.1.5	9
6699	4.6.1.2	9
6702	2.5.1.18	9
6702	2.5.1.18	9
6707	2.7.11.1	9
6708	2.7.9.3	9
6716	2.3.1.48	9
6719	3.6.5	9
6719	3.6.5.1	9
6723	4.6.1.2	9
6730	2.7.4.3	9
6734	1.1.1.40	9
6736	3.6.1.3	9
6738	3.2.1.14	9
6746	3.1.1.3	9
6754	5.2.1.8	9
6756	2.4.1.223	9
6758	3.6.1.3	9
6760	2.7.1.20	9
6766	3.5.1.14	9
6784	3.6.1.3	9
6785	6.3.2.19	9
6787	3.1.3.48	9
6794	1.14.11.2	9
6803	3.1.1.4	9
6803	3.1.1.32	9
6804	2.3.1.43	9
6806	3.4.24.11	9
6808	3.6.3.14	9
6808	3.6.3.6	9
6810	3.1.3.16	9
6815	3.1.1.1	9
6821	5.2.1.8	9
6829	3.6.3.14	9
6829	3.6.3.6	9
6834	3.2.1.50	9
6840	2.4.1.17	9
6840	2.4.1.17	9
6840	2.4.1.17	9
6840	2.4.1.17	9
6840	2.4.1.17	9
6840	2.4.1.17	9
6841	2.7.11.12	9
6846	3.1.4.3	9
6852	3.2.1.143	9
6855	3.4.24.11	9
6855	3.6.1.3	9
6856	3.2.1.52	9
6856	3.2.1.53	9
6856	3.2.1.52	9
6858	2.4.1.45	9
6859	2.7.1.153	9
6859	2.7.1.137	9
6859	2.7.1.154	9
6860	4.1.1.28	9
6860	4.1.1.28	9
6860	4.1.1.28	9
6865	5.3.3.8	9
6865	5.3.3.8	9
6865	5.3.3.8	9
6866	1.1.5.2	9
6877	6.3.2.25	9
6881	6.1.1.1	9
6892	2.7.11.1	9
6909	2.7.11.1	9
6922	2.4.1.17	9
6922	2.4.1.17	9
6922	2.4.1.17	9
6922	2.4.1.17	9
6922	2.4.1.17	9
6922	2.4.1.17	9
6922	2.4.1.135	9
6956	3.1.3.48	9
6957	3.6.5.2	9
6957	3.6.5.2	9
6962	1.11.1.7	9
6962	1.11.1.7	9
6962	6.1.1.4	9
6969	1.2.1.3	9
6969	1.2.1.3	9
6969	1.2.1.3	9
6969	1.2.1.3	9
6969	1.2.1.3	9
6969	1.2.1.3	9
6969	1.2.1.3	9
6969	1.2.1.3	9
6969	1.2.1.3	9
6970	6.2.1.4	9
6970	2.3.3.8	9
6970	6.2.1.4	9
6970	6.2.1.5	9
6973	3.5.4.3	9
6974	3.1.1.3	9
6974	3.1.1.32	9
6978	2.7.7.15	9
6984	2.4.1.214	9
6984	2.4.1.152	9
6988	3.4.21.4	9
6989	3.2.1.52	9
6989	3.2.1.52	9
6995	3.1.3.31	9
6997	1.6.99.3	9
7000	3.5.3.18	9
7001	3.6.3.6	9
7004	1.3.3.1	9
7004	1.3.1.2	9
7004	1.3.1.1	9
7004	1.3.99.11	9
7009	3.4.21.4	9
7010	2.5.1.18	9
7010	2.5.1.18	9
7014	3.6.5	9
7014	3.6.5.1	9
7015	6.1.1.20	9
7018	6.3.2.19	9
7020	3.6.1.3	9
7023	2.7.11.1	9
7024	3.2.1.24	9
7028	6.1.1.16	9
7034	2.7.1.21	9
7034	2.7.1.21	9
7034	2.7.1.145	9
7049	1.14.11.8	9
7049	1.14.11.1	9
7057	4.1.2.4	9
7059	2.7.7.19	9
7060	3.6.1.3	9
7063	3.4.21.4	9
7067	3.6.4.4	9
7069	2.7.11.1	9
7075	2.4.1.143	9
7075	2.4.1.223	9
7075	2.4.1.143	9
7085	3.1.1.4	9
7085	3.1.1.4	9
7090	3.6.1.3	9
7108	3.1.2.15	9
7113	3.6.5	9
7113	3.6.5.1	9
7118	3.6.1.3	9
7120	2.7.11.1	9
7120	2.7.11.17	9
7122	3.1.3.77	9
7129	3.6.1.3	9
7130	1.2.1.12	9
7131	3.4.11.2	9
7131	3.4.11.14	9
7131	3.4.11.2	9
7131	3.4.11.2	9
7133	2.3.1.51	9
7133	2.3.1.51	9
7134	2.7.7.49	9
7140	1.1.1.1	9
7140	1.1.1.1	9
7140	1.1.1.73	9
7140	1.1.1.1	9
7140	1.1.1.1	9
7140	1.1.1.284	9
7140	1.1.1.1	9
7140	1.1.1.1	9
7140	1.1.1.1	9
7140	1.1.1.1	9
7140	1.1.1.1	9
7140	1.1.1.1	9
7142	2.4.1.145	9
7142	2.4.1.145	9
7143	3.1.2.15	9
7144	6.3.2.19	9
7159	2.8.1.8	9
7159	2.8.1	9
7161	3.6.1.3	9
7166	3.5.1.28	9
7166	3.5.1.28	9
7167	3.6.3.6	9
7169	2.3.1.51	9
7169	2.3.1.51	9
7172	5.99.1.2	9
7177	1.10.2.2	9
7178	1.11.1.7	9
7178	1.11.1.9	9
7178	1.11.1.7	9
7180	2.7.10.1	9
7183	3.2.1.106	9
7186	2.7.7.49	9
7188	3.4.11.5	9
7188	3.4.21.26	9
7191	3.6.1.3	9
7198	3.1.2.15	9
7199	2.7.1.3	9
7200	3.6.1.3	9
7203	1.2.4.2	9
7210	3.1.1.3	9
7210	3.1.1.32	9
7218	2.7.11.1	9
7226	2.5.1.18	9
7226	2.5.1.18	9
7235	2.4.1.41	9
7240	2.7.7.49	9
7248	2.3.1.88	9
7251	2.7.7.49	9
7257	6.3.5	9
7257	6.3.5.7	9
7257	6.1.1.18	9
7258	2.7.10.1	9
7270	3.6.3.1	9
7290	3.6.3.6	9
7295	3.6.1.3	9
7295	2.7.11.1	9
7297	1.1.99.5	9
7297	1.1.99.5	9
7297	1.1.99.5	9
7297	1.1.99.5	9
7310	3.6.3.10	9
7310	3.6.3.14	9
7312	1.6.5.3	9
7312	1.6.99.3	9
7315	2.7.11.1	9
7315	2.7.11.13	9
7319	1.11.1.7	9
7319	1.11.1.7	9
7328	2.5.1.18	9
7328	2.5.1.18	9
7331	3.4.11.2	9
7331	3.4.11.2	9
7331	3.4.11.2	9
7339	3.1.1.3	9
7342	2.1.1.62	9
7343	5.4.2.8	9
7346	2.7.11.1	9
7347	3.1.1.4	9
7347	3.1.1.4	9
7349	4.2.1.17	9
7349	4.2.1.17	9
7349	4.2.1.17	9
7349	4.2.1.17	9
7349	4.2.1.17	9
7349	4.2.1.17	9
7349	4.2.1.17	9
7349	4.2.1.17	9
7356	2.1.1.62	9
7359	2.3.2.2	9
7359	2.3.2.2	9
7359	2.3.2.2	9
7362	3.6.5	9
7362	3.6.5.1	9
7365	2.3.3.1	9
7366	3.5.1.98	9
7368	6.3.2.19	9
7372	2.7.11.24	9
7372	2.7.11.19	9
7377	1.1.1.37	9
7386	3.6.1.3	9
7387	3.1.1.1	9
7394	2.7.11.1	9
7398	3.4.11.1	9
7399	3.4.21.4	9
7401	3.1.26.4	9
7404	1.9.3.1	9
7405	3.1.6.14	9
7408	2.7.10.2	9
7410	2.4.1.17	9
7410	2.4.1.17	9
7410	2.4.1.17	9
7410	2.4.1.17	9
7410	2.4.1.17	9
7410	2.4.1.17	9
7418	6.3.2.3	9
7421	3.4.21.4	9
7424	2.1.1.48	9
7424	2.1.1.55	9
7429	3.1.1.4	9
7429	3.1.1.4	9
7430	3.6.3.14	9
7430	3.6.3.6	9
7434	3.4.21.1	9
7440	2.7.7.49	9
7445	3.6.3.14	9
7445	3.6.3.6	9
7447	3.4.11.2	9
7447	3.4.11.2	9
7447	3.4.11.2	9
7452	5.1.3.3	9
7452	5.1.3.3	9
7455	2.4.1.41	9
7458	2.4.1.83	9
7461	3.6.5	9
7461	3.6.5.1	9
7473	1.14.13.39	9
7480	6.3.2.19	9
7488	3.4.21.4	9
7499	2.7.11.1	9
7501	3.6.3.9	9
7502	3.4.21.1	9
7503	6.3.2.19	9
7516	3.1.3.2	9
7516	3.1.3.2	9
7519	1.18.1.2	9
7519	1.18.1.2	9
7525	1.4.3.1	9
7525	1.4.3.3	9
7533	3.1.3.41	9
7534	3.2.1.17	9
7536	3.6.5	9
7536	3.6.5.1	9
7539	3.4.21.4	9
7541	3.4.16.6	9
7541	3.4.17.1	9
7542	3.6.5	9
7542	3.6.5.1	9
7544	1.1.1.41	9
7546	3.2.1.24	9
7547	1.1.1.31	9
7547	1.1.1.44	9
7547	1.1.1.44	9
7550	3.6.1.3	9
7551	3.1.1.3	9
7554	1.17.1.4	9
7554	1.17.1.4	9
7567	4.1.1.33	9
7572	6.3.2.19	9
7575	3.6.1.3	9
7576	3.1.3.1	9
7576	3.1.3.1	9
7584	6.3.2.19	9
7592	2.7.11.1	9
7599	6.3.2.19	9
7618	2.7.11.1	9
7620	2.7.11.1	9
7622	3.6.1.3	9
7627	3.4.21.4	9
7632	2.7.11.1	9
7634	3.1.1.1	9
7635	2.3.1.85	9
7637	3.4.21.1	9
7640	3.1.1.3	9
7646	2.5.1.18	9
7646	2.5.1.18	9
7647	2.6.1.1	9
7647	2.6.1.1	9
7648	3.1.1.8	9
7648	3.1.1.1	9
7649	2.4.2.29	9
7653	3.6.5	9
7653	3.6.5.1	9
7680	2.7.11.1	9
7681	6.3.2.19	9
7686	2.5.1.22	9
7686	2.5.1.16	9
7688	6.2.1.5	9
7689	2.4.1.17	9
7689	2.4.1.17	9
7689	2.4.1.17	9
7689	2.4.1.17	9
7689	2.4.1.17	9
7689	2.4.1.17	9
7691	2.4.1.224	9
7691	2.4.1.17	9
7691	2.4.1.17	9
7691	2.4.1.17	9
7691	2.4.1.225	9
7691	2.4.1.17	9
7691	2.4.1.17	9
7691	2.4.1.17	9
7691	2.4.1.223	9
7695	3.4.24.24	9
7697	3.1.1.1	9
7701	2.4.1.112	9
7702	3.1.1.32	9
7704	1.1.99.1	9
7709	3.1.1.1	9
7733	3.6.1.15	9
7740	3.4.24.56	9
7741	2.7.11.18	9
7741	2.7.11.1	9
7741	2.7.11.17	9
7745	6.3.2.19	9
7746	3.4.21.4	9
7755	6.1.1.17	9
7759	1.1.99.1	9
7763	2.7.4.8	9
7767	1.5.1.12	9
7767	1.5.1.12	9
7767	1.5.1.12	9
7767	1.5.1.12	9
7772	2.5.1.30	9
7773	3.1.1.4	9
7773	3.1.1.4	9
7782	3.1.3.4	9
7785	3.1.3.1	9
7785	3.1.3.1	9
7786	3.6.5	9
7786	3.6.5.1	9
7794	3.2.1.14	9
7800	3.6.5	9
7800	3.6.5.1	9
7804	3.1.2.15	9
7805	2.7.1.26	9
7812	3.6.3.9	9
7816	3.6.3.9	9
7819	2.7.2.3	9
7825	3.1.3.4	9
7831	2.3.1.137	9
7833	2.4.1.45	9
7833	2.4.1.17	9
7833	2.4.1.17	9
7833	2.4.1.17	9
7833	2.4.1.17	9
7833	2.4.1.17	9
7833	2.4.1.17	9
7843	1.13.11.20	9
7849	2.7.11.1	9
7865	3.4.13.19	9
7868	3.6.5	9
7868	3.6.5.1	9
7888	2.7.11.1	9
7899	2.4.1	9
7901	2.1.1.77	9
7907	3.4.11.1	9
7915	3.6.5	9
7915	3.6.5.1	9
7922	3.2.1.14	9
7927	1.1.1.30	9
7934	4.2.1.96	9
7935	2.7.7.6	9
7943	2.7.7.49	9
7949	3.4.21.4	9
7968	6.3.2.19	9
7970	3.6.3.14	9
7970	3.6.3.6	9
7990	3.6.5	9
7990	3.6.5.1	9
7994	3.2.1.17	9
8000	3.1.2.15	9
8003	3.6.3.14	9
8003	3.6.3.6	9
8010	3.1.1.3	9
8015	3.6.5	9
8015	3.6.5.1	9
8016	2.4.2.3	9
8019	2.7.7.49	9
8021	3.4.24.21	9
8026	3.1.3.4	9
8029	3.5.1.28	9
8029	3.5.1.28	9
8030	2.7.1.82	9
8030	2.7.1.32	9
8042	3.6.1.3	9
8043	3.1.3.48	9
8046	3.1.3.48	9
8049	3.5.1.4	9
8049	3.5.1	9
8068	3.2.1.20	9
8068	3.2.1.20	9
8068	3.2.1.20	9
8070	2.3.3.10	9
8074	3.4.24.11	9
8085	2.7.11.18	9
8085	2.7.11.1	9
8086	1.4.3.1	9
8086	1.4.3.3	9
8091	2.7.11.23	9
8094	2.7.11.1	9
8094	2.7.11.24	9
8098	3.6.1.3	9
8109	1.9.3.1	9
8112	3.5.1.88	9
8124	6.1.1.2	9
8125	3.1.4.17	9
8127	2.3.1.16	9
8134	2.7.7.6	9
8142	5.5.1.4	9
8146	2.7.11.1	9
8150	2.4.1.41	9
8157	6.3.2.19	9
8165	2.5.1.18	9
8165	2.5.1.18	9
8167	2.7.7.41	9
8169	2.4.1.41	9
8170	2.7.11.1	9
8170	2.7.11.26	9
8175	1.8.3.1	9
8178	3.1.3.16	9
8182	2.5.1.30	9
8187	2.7.7.6	9
8188	3.4.23.5	9
8188	3.4.23.1	9
8189	6.3.2.19	9
8190	6.3.2.19	9
8192	3.6.5.2	9
8192	3.6.5.2	9
8196	2.3.1.7	9
8204	2.7.11.1	9
8219	5.4.2.1	9
8220	3.4.21.4	9
8224	2.7.7.7	9
8227	2.5.1.18	9
8227	2.5.1.18	9
8231	2.7.11.1	9
8243	3.6.1.3	9
8246	3.2.1.1	9
8246	3.2.1.1	9
8246	3.2.1.10	9
8246	3.2.1.1	9
8246	3.2.1.1	9
8249	3.6.5	9
8249	3.6.5.1	9
8257	3.2.1.49	9
8263	3.2.1.14	9
8266	6.5.1.4	9
8276	3.6.1.15	9
8277	1.9.3.1	9
8280	2.1.1.43	9
8290	3.1.3.48	9
8291	3.4.21.92	9
8306	2.4.1.244	9
8309	3.4.17.1	9
8311	3.1.1.3	9
8313	2.6.1.7	9
8313	4.4.1.14	9
8332	1.6.5.3	9
8332	1.6.99.3	9
8338	3.6.1.15	9
8354	3.4.21.4	9
8355	2.3.1.13	9
8355	2.3.1.48	9
8359	3.6.1.3	9
8367	2.7.1.127	9
8368	2.7.7.1	9
8373	3.2.1.20	9
8373	3.2.1.20	9
8373	3.2.1.20	9
8374	1.2.1.12	9
8377	2.3.1.42	9
8377	2.3.1.15	9
8377	2.3.1.15	9
8377	2.3.1	9
8382	3.6.1.3	9
8384	6.3.2.19	9
8392	5.3.4.1	9
8393	5.3.4.1	9
8394	3.4.21.4	9
8395	2.7.1.158	9
8407	3.4.21.4	9
8409	2.3.1.96	9
8423	2.7.1.3	9
8426	2.5.1.58	9
8429	1.3.99.3	9
8429	1.3.3.6	9
8429	1.3.99.3	9
8429	1.3.99.3	9
8433	3.3.1.1	9
8442	6.4.1.4	9
8444	2.7.11.22	9
8444	2.7.11.23	9
8447	2.7.7.8	9
8451	2.3.1.7	9
8453	1.14.11.2	9
8455	3.6.1.3	9
8459	3.5.1.1	9
8474	3.2.1.113	9
8487	3.5.1.41	9
8490	3.1.3.16	9
8498	2.4.1.25	9
8498	2.4.1.25	9
8498	3.2.1.33	9
8498	3.2.1.33	9
8498	2.4.1.25	9
8501	3.2.1.14	9
8502	3.1.3.66	9
8513	1.2.4.1	9
8515	4.3.2.2	9
8515	4.3.2.2	9
8519	2.5.1.6	9
8528	2.7.7.3	9
8530	1.14.17.1	9
8531	3.4.21.4	9
8540	3.6.5	9
8540	3.6.5.1	9
8548	3.6.1.1	9
8549	2.1.1.43	9
8552	3.6.1.3	9
8554	2.3.1.51	9
8554	2.3.1.51	9
8559	3.6.5	9
8559	3.6.5.1	9
8560	6.3.2.19	9
8584	2.4.1.17	9
8584	2.4.1.17	9
8584	2.4.1.17	9
8584	2.4.1.17	9
8584	2.4.1.17	9
8584	2.4.1.17	9
8585	3.4.21.4	9
8587	5.1.3.1	9
8589	6.3.2.19	9
8599	1.2.1.3	9
8599	1.2.1.3	9
8599	1.2.1.3	9
8599	1.2.1.3	9
8599	1.2.1.3	9
8599	1.2.1.3	9
8599	1.2.1.3	9
8599	1.2.1.3	9
8599	1.2.1.3	9
8601	2.4.1.17	9
8601	2.4.1.17	9
8601	2.4.1.17	9
8601	2.4.1.17	9
8601	2.4.1.17	9
8601	2.4.1.17	9
8609	1.3.99.1	9
8609	1.3.5.1	9
8611	2.7.10.2	9
8613	1.5.99.6	9
8613	1.4.3.4	9
8613	1.4.3.4	9
8613	1.4.3.4	9
8613	1.4.3.4	9
8619	3.5.1.14	9
8620	3.1.1.3	9
8624	2.1.1.43	9
8625	3.6.1.3	9
8635	2.7.11.1	9
8639	2.7.7.6	9
8640	2.7.7.6	9
8642	6.1.1.11	9
8642	6.1.1.11	9
8649	2.7.1.40	9
8652	4.2.1.1	9
8652	4.2.1.1	9
8659	3.6.1.3	9
8660	3.6.3.1	9
8671	3.4.17.1	9
8674	2.7.11.1	9
8678	5.3.1.5	9
8678	2.4.1.244	9
8678	5.3.1.5	9
8683	1.14.11.2	9
8686	3.6.5	9
8686	3.6.5.1	9
8689	1.1.1.37	9
8695	2.7.11.1	9
8695	2.7.11.22	9
8696	1.11.1.7	9
8696	1.11.1.7	9
8705	3.6.1.3	9
8706	2.7.11.1	9
8710	3.2.1.20	9
8710	3.2.1.20	9
8710	3.2.1.20	9
8711	3.4.21.4	9
8712	1.3.99.3	9
8712	1.3.99.3	9
8712	1.3.99.3	9
8713	1.1.99.1	9
8726	5.3.3.2	9
8727	3.6.1.3	9
8729	2.7.11.16	9
8733	3.2.1.14	9
8747	3.6.1.3	9
8747	3.6.1.15	9
8755	3.6.1.3	9
8760	2.3.1.9	9
8760	2.3.1.9	9
8763	3.6.1.3	9
8765	2.4.1.41	9
8766	3.5.1.4	9
8766	3.5.1	9
8768	3.6.1.3	9
8772	3.4.21.4	9
8776	2.4.1.214	9
8776	2.4.1.152	9
8777	6.3.2.19	9
8778	3.6.5	9
8778	3.6.5.1	9
8784	2.7.11.1	9
8792	2.6.1.19	9
8792	2.6.1.19	9
8792	2.6.1.19	9
8793	1.16.3.1	9
8799	3.1.6.12	9
8827	1.11.1.7	9
8827	1.11.1.9	9
8827	1.11.1.7	9
8827	1.11.1.15	9
8827	1.11.1	9
8829	3.1.3.64	9
8832	1.1.1.79	9
8832	1.1.1.79	9
8845	3.6.1.3	9
8850	1.6.5.3	9
8850	1.6.5	9
8860	3.6.1.3	9
8869	2.8.2.17	9
8874	2.4.1.87	9
8874	2.4.1	9
8874	2.4.1	9
8874	2.4.1	9
8881	6.2.1.4	9
8881	6.2.1.4	9
8882	2.7.1.17	9
8889	2.7.7.7	9
8896	6.3.2.19	9
8900	2.4.1.16	9
8902	3.6.1.3	9
8905	3.6.1.3	9
8906	6.3.2.19	9
8917	1.10.2.2	9
8919	3.6.5	9
8919	3.6.5.1	9
8920	3.4.11.2	9
8920	3.4.11.2	9
8920	3.4.11.2	9
8925	3.1.3.1	9
8925	3.1.3.1	9
8928	2.7.7.6	9
8931	3.6.5	9
8931	3.6.5.1	9
8937	4.6.1.1	9
8949	3.6.5	9
8949	3.6.5.1	9
8957	3.6.1.52	9
8959	2.7.11.1	9
8961	3.6.5	9
8961	3.6.5.1	9
8964	3.6.3.6	9
8966	2.4.1.41	9
8977	3.4.23.5	9
8977	3.4.23.1	9
8980	2.5.1.18	9
8980	2.5.1.18	9
9001	4.2.1.3	9
9001	4.2.1.3	9
9002	3.6.5	9
9002	3.6.5.1	9
9003	3.6.1.3	9
9005	2.7.7.7	9
9007	3.4.21.4	9
9018	3.6.3.14	9
9018	3.6.3.6	9
9026	1.13.11.27	9
9037	3.6.3.14	9
9039	2.7.11.1	9
9043	2.7.11.1	9
9043	2.7.11.17	9
9045	3.1.4.3	9
9045	3.1.4.46	9
9049	3.1.21.1	9
9059	3.6.4.4	9
9067	3.6.1.3	9
9068	2.4.1.17	9
9068	2.4.1.17	9
9068	2.4.1.17	9
9068	2.4.1.17	9
9068	2.4.1.17	9
9068	2.4.1.17	9
9075	3.1.3.48	9
9076	2.3.1.26	9
9077	3.1.1.59	9
9084	3.4.24.18	9
9084	3.4.24.21	9
9085	3.2.1.1	9
9085	3.2.1.1	9
9085	3.2.1.1	9
9085	3.2.1.1	9
9085	3.2.1.141	9
9088	2.7.11.1	9
9089	2.7.6.1	9
9094	2.7.7.2	9
9127	6.2.1.1	9
9138	6.3.4.5	9
9138	6.3.4.5	9
9141	2.4.1.144	9
9141	2.4.1.144	9
9151	3.6.1.3	9
9156	3.4.22.38	9
9166	3.2.1.20	9
9166	3.2.1.20	9
9166	3.2.1.20	9
9177	2.4.1.41	9
9180	1.9.3.1	9
9194	3.6.5.2	9
9194	3.6.5.2	9
9198	4.2.1.70	9
9198	5.4.99.12	9
9200	3.6.1.3	9
9200	3.6.3.44	9
9201	3.4.21.4	9
9202	2.7.11.1	9
9203	3.1.1.47	9
9212	2.4.1.68	9
9221	2.6.1.13	9
9221	2.6.1.44	9
9221	2.6.1.13	9
9221	2.6.1.13	9
9229	2.7.7.6	9
9230	3.6.1.3	9
9232	2.5.1.18	9
9232	2.5.1.18	9
9238	5.4.2.1	9
9241	5.3.3.8	9
9241	5.3.3.8	9
9241	5.3.3.8	9
9242	3.4.11.1	9
9243	2.3.1.4	9
9245	3.6.5	9
9245	3.6.5.1	9
9258	1.3.3.3	9
9259	3.6.5	9
9259	2.4.2.31	9
9260	3.4.17.1	9
9265	2.7.11.1	9
9265	2.7.11.13	9
9272	2.7.11.1	9
9275	3.6.5	9
9275	3.6.5.1	9
9276	2.7.7.13	9
9286	1.9.3.1	9
9289	4.2.1.1	9
9289	4.2.1.1	9
9305	3.2.1.17	9
9310	2.4.1.17	9
9310	2.4.1.17	9
9310	2.4.1.17	9
9310	2.4.1.17	9
9310	2.4.1.17	9
9310	2.4.1.17	9
9312	1.1.1.184	9
9313	6.3.2.19	9
9317	2.7.11.1	9
9319	6.1.1.15	9
9319	6.1.1.14	9
9320	3.6.1.3	9
9321	6.3.2.19	9
9328	2.4.1	9
9328	2.4.1	9
9328	2.4.1.215	9
9328	2.4.1	9
9328	2.4.1	9
9328	2.4.1	9
9328	2.4.1	9
9328	2.4.1	9
9328	2.4.1	9
9328	2.4.1	9
9328	2.4.1.203	9
9328	2.4.1	9
9328	2.4.1	9
9328	2.4.1	9
9328	2.4.1	9
9328	2.4.1	9
9328	2.4.1	9
9347	1.1.1.22	9
9352	1.3.99.1	9
9353	2.7.10.1	9
9356	6.3.2.2	9
9358	2.7.10.1	9
9359	1.11.1.7	9
9359	1.11.1.7	9
9361	3.1.1.1	9
9362	2.2.1.2	9
9364	1.11.1.7	9
9364	1.11.1.7	9
9364	1.11.1.15	9
9364	1.11.1	9
9384	5.2.1.8	9
9386	3.4.21.1	9
9393	6.3.2.19	9
9406	1.14.11.4	9
9416	1.14.19.1	9
9418	3.4.21.62	9
9420	3.1.1.3	9
9424	3.6.5	9
9424	3.6.5.1	9
9425	3.6.5	9
9425	3.6.5.1	9
9433	2.7.6.2	9
9434	3.6.1.3	9
9439	1.1.1.42	9
9439	1.1.1.42	9
9442	3.4.21.1	9
9449	3.4.15.1	9
9449	3.4.15.5	9
9461	3.4.17.1	9
9467	4.1.1.25	9
9467	4.1.1.28	9
9467	4.1.1.28	9
9467	4.1.1.28	9
9468	5.3.1.9	9
9468	5.3.1.9	9
9468	1.1.1.44	9
9470	3.6.5	9
9470	3.6.5.1	9
9471	6.3.2.19	9
9472	1.6.5.3	9
9482	3.6.5.4	9
9482	3.6.5.4	9
9487	3.6.1.3	9
9490	2.3.1.7	9
9491	3.1.3.48	9
9492	1.6.5.3	9
9492	1.6.5	9
9497	3.4.24.11	9
9501	3.6.1.3	9
9522	3.4.22.15	9
9528	3.4.11.18	9
9536	2.7.11.1	9
9537	3.1.1.4	9
9537	3.1.1.4	9
9539	3.6.3.14	9
9545	3.1.3.5	9
9545	3.1.3.5	9
9545	3.1.3.5	9
9545	3.1.3.5	9
9545	3.1.3.5	9
9545	3.1.3.5	9
9553	3.6.3.14	9
9553	3.6.3.6	9
9556	2.7.7.7	9
9563	3.6.1.3	9
9569	3.6.5	9
9569	3.6.5.1	9
9571	3.1.3.4	9
9586	3.1.3.48	9
9587	3.4.24.11	9
9594	2.7.10.1	9
9596	1.1.1.37	9
9602	3.6.3.14	9
9602	3.6.3.6	9
9611	5.4.2.2	9
9626	3.6.5	9
9626	3.6.1.3	9
9629	3.2.1.52	9
9629	3.2.1.52	9
9630	1.6.5.3	9
9630	1.6.99.3	9
9636	3.4.14.5	9
9642	3.4.13.21	9
9647	2.7.11.1	9
9649	2.4.1.223	9
9649	2.4.1.101	9
9654	3.4.24.11	9
9660	2.3.1.12	9
9662	3.4.17.1	9
9665	2.5.1.18	9
9665	2.5.1.18	9
9668	3.1.3.16	9
9669	3.6.1.3	9
9671	3.1.1.4	9
9671	3.1.1.4	9
9676	3.6.1.3	9
9678	2.7.11.1	9
9679	2.7.11.1	9
9688	3.6.3.14	9
9688	3.6.3.6	9
9693	3.2.2.23	9
9693	4.2.99.18	9
9693	4.2.99.18	9
9693	3.2.2.23	9
9717	2.7.4.3	9
9726	2.7.11.1	9
9726	2.7.11.13	9
9732	3.1.3.48	9
9737	3.5.5.1	9
9737	3.5.5.1	9
9745	3.4.21.4	9
9746	6.3.2.19	9
9747	6.1.1.11	9
9747	6.1.1.11	9
9751	3.2.1.31	9
9759	2.7.1.20	9
9766	1.9.3.1	9
9779	2.1.1.10	9
9779	2.1.1.10	9
9782	3.6.5	9
9782	3.6.5.1	9
9783	3.4.24.19	9
9795	3.1.3.7	9
9802	3.6.3.14	9
9802	3.6.3.6	9
9805	3.6.5	9
9805	3.6.5.1	9
9808	3.4.21.4	9
9812	1.11.1.7	9
9812	1.11.1.7	9
9816	3.6.1.15	9
9820	2.7.11.1	9
9828	2.3.3.1	9
9832	3.1.1.3	9
9845	2.7.7.6	9
9846	3.6.1.3	9
9851	4.99.1.1	9
9854	4.1.99.3	9
9858	3.4.11.2	9
9858	3.4.11.2	9
9858	3.4.11.2	9
9862	3.1.3.5	9
9862	3.1.3.5	9
9862	3.1.3.5	9
9864	1.14.11.2	9
9879	3.2.1.52	9
9879	3.2.1.52	9
9880	2.7.11.1	9
9880	2.7.11.12	9
9883	1.6.5.3	9
9883	3.1.1.11	9
9883	1.6.5	9
9883	1.6.99.3	9
9883	3.1.1.11	9
9886	2.7.11.1	9
9887	3.6.1.3	9
9891	3.4.17.1	9
9899	2.4.2.28	9
9902	4.4.1.17	9
9903	3.6.1.3	9
9903	2.7.11.1	9
9911	2.7.7.19	9
9912	3.6.1.3	9
9913	4.6.1.2	9
9914	1.1.1.1	9
9914	1.1.1.1	9
9914	1.1.1.1	9
9914	1.1.1.1	9
9914	1.1.1.1	9
9914	1.1.1.1	9
9914	1.1.1.1	9
9914	1.1.1.1	9
9914	1.1.1.1	9
9914	1.1.1.1	9
9917	3.4.11.2	9
9917	3.4.11.2	9
9917	3.4.11.2	9
9919	1.2.1.12	9
9923	6.2.1.4	9
9923	1.3.5.1	9
9923	6.2.1.4	9
9924	3.4.21.4	9
9925	2.7.10.1	9
9925	2.7.11.1	9
9930	2.7.8.1	9
9932	1.3.1.38	9
9932	1.3.1.38	9
9935	3.4.24.61	9
9940	4.2.1.24	9
9945	2.7.4.8	9
9945	2.7.4.12	9
9946	3.1.1.8	9
9946	3.1.1.1	9
9963	3.6.1.3	9
9965	1.1.1.41	9
9966	3.5.1.14	9
9966	3.4.11.2	9
9966	3.4.11.2	9
9966	3.4.11.2	9
9995	2.7.11.1	9
9997	4.6.1.2	9
9998	3.6.1.3	9
10004	3.1.3.1	9
10004	3.1.3.1	9
10010	3.4.21.4	9
10018	3.6.3.6	9
10023	2.7.11.1	9
10025	1.6.5.3	9
10027	6.3.2.19	9
10035	1.1.1.40	9
10040	1.1.4.1	9
10042	3.4.11.9	9
10042	3.4.11.18	9
10044	3.1.4.35	9
10050	3.4.21.4	9
10057	3.1.1.1	9
10061	2.7.7.49	9
10065	4.2.1.2	9
10067	2.4.1.87	9
10067	2.4.1	9
10067	2.4.1	9
10067	2.4.1	9
10068	3.6.3.9	9
10071	3.4.19.9	9
10071	3.4.19.9	9
10071	3.4.19.9	9
10076	3.4.15.1	9
10077	2.1.1.43	9
10084	6.3.5.4	9
10088	3.4.17.1	9
10089	6.1.1.18	9
10092	2.7.11.1	9
10092	2.7.11.22	9
10099	3.6.3.6	9
10105	2.6.1.44	9
10111	1.1.1.49	9
10126	2.7.11.11	9
10128	3.4.21.53	9
10128	3.6.1.15	9
10129	2.3.1.16	9
10146	4.2.1.1	9
10146	4.2.1.1	9
10149	3.4.11.2	9
10149	3.4.11.2	9
10149	3.4.11.2	9
10156	2.5.1.61	9
10159	5.99.1.3	9
10160	3.1.3.1	9
10160	3.1.3.1	9
10171	3.4.24.26	9
10175	3.1.3.1	9
10175	3.1.3.1	9
10177	2.1.1.148	9
10180	1.9.3.1	9
10181	2.8.2.23	9
10185	2.4.1	9
10185	2.4.1	9
10185	2.4.1.132	9
10185	2.4.1	9
10188	3.4.24.11	9
10189	4.6.1.2	9
10190	2.4.2.1	9
10190	2.4.2.1	9
10190	2.4.2.1	9
10190	2.4.2	9
10192	3.4.17.1	9
10198	3.1.8.1	9
10198	3.1.8.1	9
10198	3.1.8.1	9
10198	3.1.8.1	9
10198	3.1.8.1	9
10200	6.1.1.11	9
10200	6.1.1.11	9
10201	2.7.11.1	9
10202	2.3.2.2	9
10202	2.3.2.2	9
10202	2.3.2.13	9
10202	2.3.2.2	9
10205	2.7.11.1	9
10206	3.6.5	9
10206	3.6.5.1	9
10212	3.4.23.36	9
10214	2.7.7.8	9
10215	3.5.4.4	9
10218	4.1.1.17	9
10220	2.1.2.10	9
10221	3.2.1.20	9
10221	3.2.1.20	9
10221	3.2.1.20	9
10228	3.4.11.9	9
10228	3.4.13.9	9
10229	3.4.11.2	9
10229	3.4.11.2	9
10229	3.4.11.2	9
10236	2.5.1.59	9
10237	2.7.7.6	9
10241	1.6.5.3	9
10241	1.6.99.3	9
10243	1.3.99.3	9
10243	1.3.99.3	9
10243	1.3.99.3	9
10250	1.14.11.2	9
10256	6.1.1.20	9
10263	5.3.4.1	9
10264	3.4.24.11	9
10265	3.6.1.3	9
10267	4.2.1.1	9
10267	4.2.1.1	9
10268	1.1.1.62	9
10277	6.1.1.12	9
10279	2.6.1.13	9
10279	2.6.1.13	9
10279	2.6.1.13	9
10283	2.7.11.25	9
10294	2.7.11.1	9
10296	6.1.1.10	9
10305	2.1.2.3	9
10305	3.5.4.10	9
10306	5.2.1.8	9
10314	5.3.1.8	9
10316	2.7.11.25	9
10316	2.7.12.2	9
10322	3.4.11.2	9
10322	3.4.11.2	9
10322	3.4.11.2	9
10326	3.6.3.14	9
10326	3.6.3.6	9
10328	3.1.2.15	9
10336	5.99.1.2	9
10338	3.1.1.1	9
10341	6.3.2.19	9
10342	3.6.1.3	9
10352	3.2.1.31	9
10356	2.7.1.107	9
10363	6.3.2.19	9
10364	3.4.19.3	9
10372	1.1.99.1	9
10374	5.2.1.8	9
10375	1.1.1.184	9
10380	2.7.11.10	9
10384	3.6.5.2	9
10384	3.6.5.2	9
10386	6.1.1.7	9
10400	2.3.1.48	9
10401	4.2.99.18	9
10401	4.2.99.18	9
10404	1.1.1.21	9
10404	1.1.1.21	9
10407	2.7.10.2	9
10409	3.6.1.3	9
10421	3.5.1.28	9
10421	3.5.1.28	9
10423	3.6.3.44	9
10430	3.1.2.12	9
10441	2.7.11.1	9
10441	2.7.11.20	9
10447	2.5.1.56	9
10447	2.5.1.57	9
10448	1.14.11.2	9
10449	4.2.1.1	9
10449	4.2.1.1	9
10450	3.6.5	9
10450	3.6.5.1	9
10452	3.6.1.3	9
10453	1.14.13.8	9
10453	1.14.13.8	9
10454	2.4.1.11	9
10454	2.4.1.11	9
10466	3.6.5	9
10466	3.6.5.1	9
10467	2.1.2.1	9
10468	3.1.4.12	9
10471	3.6.1.3	9
10477	2.3.1.48	9
10490	2.7.7.49	9
10493	5.3.3.12	9
10494	3.1.3.48	9
10495	2.3.1.9	9
10495	2.3.1.9	9
10496	6.3.2.19	9
10497	2.7.1.68	9
10499	3.6.1.3	9
10500	6.2.1.1	9
10511	3.1.2.22	9
10512	2.7.11.1	9
10512	2.7.11.24	9
10514	3.1.3.3	9
10514	3.1.3.3	9
10519	3.6.3.6	9
10524	2.7.1.23	9
10535	3.6.5	9
10535	3.6.5.1	9
10536	1.6.99.1	9
10536	1.3.1.24	9
10539	6.3.2.19	9
10545	3.4.23.34	9
10545	3.4.23.1	9
10551	2.3.1.85	9
10556	3.6.3.8	9
10556	3.6.3	9
10556	3.6.3	9
10557	3.1.26.4	9
10557	2.7.7.49	9
10560	3.4.21.4	9
10566	3.1.6.12	9
10571	1.1.1.95	9
10575	2.7.8.7	9
10586	3.1.4.35	9
10592	1.11.1.7	9
10592	1.11.1	9
10598	2.4.1.221	9
10602	3.2.1.17	9
10606	2.7.4.14	9
10606	2.7.4.14	9
10606	2.7.4.14	9
10619	3.6.1.3	9
10631	6.3.2.3	9
10639	1.6.5.3	9
10644	2.7.11.1	9
10645	3.5.4.9	9
10645	1.5.1.5	9
10645	3.5.4.9	9
10645	1.5.1.15	9
10647	6.1.1.16	9
10651	3.5.1.28	9
10651	3.5.1.28	9
10658	3.4.21.75	9
10658	3.4.21.61	9
10683	2.7.1.137	9
10685	1.3.99.3	9
10685	1.3.3.6	9
10685	1.3.99.3	9
10685	1.3.99.3	9
10687	2.7.10.1	9
10688	3.1.22.1	9
10702	1.1.1.41	9
10706	3.4.21.4	9
10709	5.3.4.1	9
10711	4.3.2.1	9
10711	4.3.2.1	9
10714	3.6.1.3	9
10716	2.5.1.22	9
10722	3.6.1.3	9
10723	1.1.1.35	9
10723	1.1.1.35	9
10725	1.3.99.1	9
10726	3.1.3.48	9
10726	3.1.3.16	9
10727	2.4.2.14	9
10736	1.14.11.16	9
10738	6.3.2.25	9
10742	3.4.14.5	9
10743	3.6.5	9
10743	3.6.5.1	9
10746	1.1.1.1	9
10746	1.1.1.1	9
10746	1.1.1.1	9
10746	1.1.1.1	9
10746	1.1.1.1	9
10746	1.1.1.1	9
10746	3.5.4.16	9
10746	1.1.1.1	9
10746	1.1.1.1	9
10746	1.1.1.1	9
10746	1.1.1.1	9
10747	2.7.7.7	9
10771	2.7.10.2	9
10775	3.1.1.1	9
10776	3.1.1.3	9
10779	2.7.11.1	9
10780	3.1.1.8	9
10780	3.1.1.1	9
10785	3.2.1.28	9
10788	3.6.1.3	9
10799	5.2.1.8	9
10819	3.1.1.1	9
10820	2.7.11.1	9
10830	2.4.1.18	9
10830	2.4.1.18	9
10830	2.4.1.18	9
10832	4.1.1.25	9
10838	3.2.1.20	9
10838	3.2.1.20	9
10838	3.2.1.20	9
10842	2.7.11.1	9
10842	2.7.11.22	9
10847	5.3.4.1	9
10866	1.15.1.1	9
10868	1.1.99.5	9
10868	3.6.1.3	9
10868	1.1.99.5	9
10868	1.1.99.5	9
10868	1.1.99.5	9
10868	1.1.99.5	9
10875	2.7.7.63	9
10875	2.7.7.63	9
10877	2.7.4.8	9
10878	3.6.3.14	9
10878	3.6.3.6	9
10886	3.4.21.4	9
10888	2.7.4.8	9
10890	3.4.21.4	9
10893	1.6.5.3	9
10893	1.6.99.3	9
10901	3.2.1.20	9
10901	3.2.1.20	9
10901	3.2.1.20	9
10909	5.3.1.6	9
10913	3.1.2.6	9
10913	3.1.2.6	9
10924	2.5.1.18	9
10924	2.5.1.18	9
10926	2.7.11.1	9
10928	2.7.11.1	9
10928	2.7.11.22	9
10931	4.2.1.1	9
10931	4.2.1.1	9
10939	3.1.1.3	9
10948	3.1.3.41	9
10954	3.4.21.4	9
10961	1.7.3.3	9
10983	2.7.1.107	9
10991	2.7.11.24	9
10996	1.10.2.2	9
10997	1.3.99.3	9
10997	1.3.99.3	9
10997	1.3.99.3	9
11001	2.7.8.15	9
11001	2.7.8.13	9
11001	2.7.8.13	9
11006	3.4.17.1	9
11018	2.4.1.145	9
11018	2.4.1.145	9
11023	2.3.1.48	9
11027	3.1.1.1	9
11033	3.1.3.48	9
11038	5.1.3.3	9
11038	5.1.3.3	9
11044	3.6.5.4	9
11044	3.6.5.4	9
11049	6.3.2.19	9
11051	5.3.3.8	9
11051	5.3.3.8	9
11051	5.3.3.8	9
11053	3.4.24.21	9
11053	3.4.24.19	9
11057	4.4.1.5	9
11060	3.6.5	9
11060	3.6.5.1	9
11069	3.5.4.5	9
11069	3.5.4.5	9
11070	2.7.11.1	9
11073	2.5.1.18	9
11073	2.5.1.18	9
11074	3.5.1.1	9
11078	3.4.21.4	9
11079	4.6.1.1	9
11088	3.6.5	9
11088	3.6.5.1	9
11094	1.1.1.62	9
11094	1.1.1.36	9
11094	1.1.1.239	9
11094	1.1.1.36	9
11094	1.1.1.36	9
11094	1.1.1.201	9
11094	1.1.1.35	9
11094	1.1.1.35	9
11094	1.1.1.63	9
11094	1.1.1.178	9
11097	2.1.1.63	9
11104	3.4.22.15	9
11105	3.6.5	9
11105	3.6.5.1	9
11106	3.4.21.4	9
11108	2.3.1.23	9
11116	3.6.1.3	9
11120	3.1.1.4	9
11120	3.1.1.4	9
11122	2.3.1.48	9
11126	3.1.4.11	9
11126	3.1.4.3	9
11128	6.3.4.16	9
11128	3.5.2.3	9
11128	2.1.3.2	9
11128	6.3.5.5	9
11134	3.6.3.4	9
11143	2.5.1.60	9
11151	3.2.1.76	9
11159	3.6.5	9
11159	3.6.5.1	9
11163	3.4.24.11	9
11164	3.1.3.48	9
11164	3.1.3.16	9
11169	3.6.1.3	9
11174	6.1.1.5	9
11175	4.6.1.2	9
11176	2.7.11.24	9
11179	3.6.1.3	9
11182	1.1.1.40	9
11186	3.1.3.48	9
11194	3.1.2.15	9
11203	1.5.1.3	9
11207	3.6.1.15	9
11220	2.4.1.16	9
11222	1.1.3.15	9
11222	1.1.3.15	9
11222	1.1.3.15	9
11225	1.16.1.8	9
11225	1.16.1.8	9
11235	6.3.2.19	9
11245	3.5.1.28	9
11245	3.5.1.28	9
11254	3.1.1.4	9
11254	3.1.1.4	9
11267	3.4.24.26	9
11275	4.1.2.27	9
11281	1.11.1.7	9
11281	3.6.1.3	9
11281	1.11.1.7	9
11291	2.3.1.51	9
11291	2.3.1.51	9
11294	3.4.24.11	9
11297	3.4.21.36	9
11299	6.1.1.9	9
11314	2.7.11.1	9
11321	3.4.13.19	9
11326	3.4.21.4	9
11330	3.6.1.3	9
11345	4.1.1.25	9
11349	3.6.1.3	9
11359	2.4.1.15	9
11370	1.14.11.27	9
11370	1.14.11.27	9
11378	2.4.1.87	9
11378	2.4.1	9
11378	2.4.1	9
11378	2.4.1	9
11378	2.4.1.133	9
11390	3.4.11.18	9
11391	3.4.21.4	9
11395	3.1.4.17	9
11396	3.4.24.21	9
11397	2.3.1.88	9
11403	2.4.1	9
11403	2.4.1	9
11403	2.4.1.132	9
11403	2.4.1	9
11406	3.2.1.48	9
11417	1.1.1.41	9
11419	6.3.2.19	9
11422	3.4.24.21	9
11425	3.6.1.3	9
11434	3.2.1.28	9
11435	3.4.15.1	9
11435	3.4.15.5	9
11439	2.7.7.19	9
11442	3.4.21.4	9
11450	3.4.21.1	9
11452	2.7.1.127	9
11459	1.3.99.5	9
11459	1.3.99	9
11459	1.3.99	9
11464	2.1.1.72	9
11466	3.1.3.1	9
11466	3.1.3.1	9
11467	1.6.5.3	9
11467	1.6.5	9
11467	1.6.99.3	9
11470	2.1.2.10	9
11471	2.4.1.17	9
11471	2.4.1.17	9
11471	2.4.1.17	9
11471	2.4.1.17	9
11471	2.4.1.17	9
11471	2.4.1.17	9
11484	2.1.1.98	9
11488	3.1.4.46	9
11493	3.4.17.1	9
11505	3.1.3.48	9
11506	6.3.5	9
11506	6.3.5.7	9
11512	3.6.1.3	9
11513	3.6.1.3	9
11516	3.4.21.4	9
11521	3.2.1.14	9
11534	5.3.4.1	9
11535	3.4.24.56	9
11536	6.3.2.19	9
11537	3.5.1.88	9
11543	2.3.1.13	9
11543	2.3.1.48	9
11544	2.7.1.30	9
11546	4.1.1.28	9
11546	4.1.1.28	9
11546	4.1.1.28	9
11561	6.1.1.3	9
11565	3.6.1.3	9
11569	3.6.3.14	9
11569	3.6.3.6	9
11576	1.2.1.12	9
11577	6.3.2.25	9
11581	3.1.3.2	9
11581	3.1.3.2	9
11582	3.4.24.11	9
11590	1.6.5.3	9
11602	3.1.1.5	9
11604	3.2.1.23	9
11604	3.2.1.23	9
11604	3.2.1.23	9
11606	2.3.2.2	9
11606	2.3.2.2	9
11606	2.3.2.2	9
11610	2.4.1.109	9
11624	3.4.24.21	9
11625	3.1.2.22	9
11628	3.2.1.20	9
11628	3.2.1.20	9
11628	3.2.1.20	9
11631	2.7.11.1	9
11631	3.1.3.48	9
11635	1.6.5.3	9
11635	1.6.99.3	9
11640	6.3.2.19	9
11645	2.7.11.2	9
11650	6.3.2.25	9
11664	2.7.8.20	9
11667	3.3.2.6	9
11667	3.4.11.2	9
11667	3.4.11.2	9
11667	3.4.11.2	9
11669	1.1.1.30	9
11673	1.2.1.24	9
11682	3.1.1.4	9
11682	3.1.1.4	9
11686	3.6.1.7	9
11688	5.3.4.1	9
11690	2.7.7.6	9
11691	3.6.1.3	9
11693	3.5.2.9	9
11696	4.2.1.1	9
11696	4.2.1.1	9
11697	1.4.4.2	9
11700	2.4.1.17	9
11700	2.4.1.17	9
11700	2.4.1.17	9
11700	2.4.1.17	9
11700	2.4.1.17	9
11700	2.4.1.17	9
11702	2.8.2.23	9
11707	1.16.3.1	9
11707	1.10.3.3	9
11707	1.10.3.3	9
11717	3.1.21.1	9
11718	3.1.3.48	9
11728	1.2.4.4	9
11728	1.2.4.4	9
11728	1.2.4.4	9
11729	2.1.1.114	9
11729	2.1.1.114	9
11729	2.1.1.114	9
11729	2.1.1.114	9
11729	2.1.1.114	9
11736	3.1.4.12	9
11737	5.1.3.3	9
11737	5.1.3.3	9
11741	5.2.1.8	9
11746	1.8.4.11	9
11746	1.8.4.11	9
11751	3.5.4.26	9
11752	6.2.1.12	9
11752	6.2.1.12	9
11752	6.2.1.12	9
11752	6.2.1.12	9
11769	2.4.1.214	9
11771	2.7.10.1	9
11772	3.6.1.3	9
11774	3.4.24.18	9
11774	3.4.24.21	9
11780	1.6.5.3	9
11780	1.6.99.3	9
11789	3.6.5	9
11789	3.6.5.1	9
11791	1.14.19.1	9
11796	2.3.1.21	9
11797	2.4.2.7	9
11801	4.2.1.1	9
11801	4.2.1.1	9
11808	3.4.21.4	9
11812	3.6.1.3	9
11816	3.4.24.11	9
11820	3.6.1.3	9
11827	3.1.3.1	9
11827	3.1.3.1	9
11829	2.7.7.6	9
11830	3.6.1.3	9
11831	2.3.3.8	9
11831	6.2.1.5	9
11844	3.6.5	9
11844	3.6.5.1	9
11845	3.6.1.3	9
11851	3.1.3.48	9
11855	5.2.1.8	9
11856	2.7.1.6	9
11861	3.2.1.23	9
11861	3.2.1.23	9
11861	3.2.1.23	9
11863	3.4.21.1	9
11870	3.1.2.15	9
11876	2.7.1.107	9
11880	3.4.21.4	9
11882	1.3.99.2	9
11882	1.3.99.2	9
11887	1.1.1.14	9
11887	1.1.1.14	9
11904	2.7.11.1	9
11906	2.7.7.49	9
11907	3.6.5	9
11907	3.6.5.1	9
11909	3.6.1.3	9
11910	2.4.1.45	9
11913	2.7.4.6	9
11913	2.7.4.6	9
11913	2.7.4.6	9
11913	2.7.4.6	9
11913	2.7.4.6	9
11913	2.7.4.6	9
11913	2.7.4.6	9
11913	2.7.4.6	9
11914	1.4.1.13	9
11915	3.6.1.3	9
11927	3.6.1.3	9
11930	5.3.1.1	9
11932	3.6.1.15	9
11941	3.4.11.1	9
11946	3.6.5	9
11946	3.6.5.1	9
11949	1.8.4.11	9
11949	1.8.4.11	9
11952	3.1.3.16	9
11955	1.11.1.9	9
11955	2.5.1.18	9
11955	2.5.1.18	9
11956	3.4.21.4	9
11965	3.6.4.5	9
11976	3.5.1.98	9
11978	1.14.99.22	9
11980	2.1.1	9
11982	3.6.3.10	9
11982	3.6.3.14	9
11983	3.4.21.4	9
11990	3.1.3.2	9
11990	3.1.3.2	9
11990	3.1.3.48	9
11993	3.6.5	9
11993	3.6.5.1	9
11998	2.7.11.1	9
12001	4.6.1.2	9
12010	2.7.11.1	9
12010	2.7.11.13	9
12022	2.5.1.60	9
12032	1.1.1.40	9
12033	3.4.24.18	9
12033	3.4.24.21	9
12044	3.6.5	9
12044	3.6.5.1	9
12046	5.2.1.8	9
12047	3.6.4.5	9
12054	3.1.3.48	9
12054	3.1.3.16	9
12060	3.1.2.15	9
12064	3.6.1.3	9
12070	2.7.11.1	9
12070	2.7.11.22	9
12093	3.2.1.45	9
12100	2.5.1.8	9
12100	2.5.1.8	9
12102	2.7.11.18	9
12108	3.4.11.9	9
12109	2.1.1.45	9
12110	3.4.23.5	9
12110	3.4.23.1	9
12114	3.6.5	9
12114	3.6.5.1	9
12118	3.1.1.4	9
12118	3.1.1.4	9
12126	2.7.1.67	9
12128	3.6.1.3	9
12135	3.1.1.34	9
12137	1.2.2.4	9
12143	2.7.11.1	9
12146	3.1.1.3	9
12148	3.2.1.20	9
12148	3.2.1.20	9
12148	3.2.1.20	9
12159	5.2.1.8	9
12169	4.2.1.3	9
12169	4.2.1.3	9
12171	4.2.99.18	9
12171	4.2.99.18	9
12172	3.5.1.92	9
12179	2.7.11.1	9
12180	2.8.4.1	9
12181	2.7.10.2	9
12191	2.4.1.87	9
12191	2.4.1	9
12191	2.4.1	9
12191	2.4.1	9
12191	2.4.1.223	9
12196	2.7.7.41	9
12196	2.7.1.108	9
12210	3.6.5	9
12210	3.6.5.1	9
12211	3.4.24.26	9
12212	1.2.1.3	9
12212	1.2.1.3	9
12212	1.2.1.3	9
12212	1.2.1.3	9
12212	1.2.1.3	9
12212	1.2.1.3	9
12212	1.2.1.3	9
12212	1.2.1.3	9
12212	1.2.1.3	9
12215	3.6.5	9
12215	3.6.5.1	9
12216	1.3.99.1	9
12216	1.3.5.1	9
12218	3.5.1.14	9
12220	1.14.11.2	9
12231	3.4.21.4	9
12232	2.7.11.1	9
12237	1.1.1.35	9
12237	1.1.1.35	9
12241	2.7.4.6	9
12241	2.7.4.6	9
12241	2.7.4.6	9
12241	2.7.4.6	9
12241	2.7.4.6	9
12241	2.7.4.6	9
12241	2.7.4.6	9
12241	2.7.4.6	9
12242	3.4.13.19	9
12244	6.3.2.19	9
12253	2.7.1.48	9
12253	2.7.1.48	9
12260	3.6.5	9
12260	3.6.5.1	9
12261	3.4.24.26	9
12263	3.1.3.16	9
12265	2.4.1.37	9
12265	2.4.1.214	9
12265	2.4.1.152	9
12266	3.6.1.3	9
12273	3.6.3.14	9
12273	3.6.3.6	9
12275	2.7.1.82	9
12275	2.7.1.32	9
12279	6.1.1.19	9
12289	3.6.1.3	9
12292	2.1.2.9	9
12302	3.1.3.1	9
12302	3.1.3.1	9
12304	3.6.5	9
12304	3.6.5.1	9
12306	3.4.14.4	9
12308	3.1.4.17	9
12308	3.1.4.35	9
12309	4.1.1.32	9
12313	3.2.1.20	9
12313	3.2.1.20	9
12313	3.2.1.20	9
12318	3.4.24.21	9
12322	3.5.1.4	9
12322	3.5.1	9
12324	1.9.3.1	9
12329	3.6.1.3	9
12334	2.4.1.45	9
12335	3.4.23.36	9
12345	2.7.1.7	9
12345	2.7.1.1	9
12345	2.7.1.1	9
12345	2.7.1.1	9
12346	3.6.5.4	9
12346	3.6.5.4	9
12356	6.3.2.17	9
12356	6.3.2.17	9
12356	6.3.2.17	9
12356	6.3.2.17	9
12356	6.3.2.17	9
12360	3.1.1.3	9
12361	4.1.99.3	9
12364	1.11.1.7	9
12364	1.11.1.7	9
12366	1.8.3.2	9
12369	5.2.1.8	9
12372	1.11.1.7	9
12372	1.11.1.6	9
12372	1.11.1.7	9
12372	1.11.1.6	9
12382	2.7.6.1	9
12389	2.1.1.43	9
12390	2.7.7.7	9
12392	1.14.13.72	9
12392	1.14.13.72	9
12392	1.14.13.72	9
12392	1.14.13.72	9
12392	1.14.13.72	9
12392	1.14.13.72	9
12392	1.14.13.72	9
12392	1.14.13.72	9
12392	1.14.13.72	9
12392	1.14.13.72	9
12392	1.14.13.72	9
12392	1.14.13.72	9
12392	1.14.13.72	9
12392	1.14.13.72	9
12392	1.14.13.72	9
12394	3.1.1.3	9
12395	1.3.5.1	9
12397	3.4.22.15	9
12400	2.7.7.6	9
12403	1.1.1.1	9
12403	1.1.1.1	9
12403	1.1.1.1	9
12403	1.1.1.1	9
12403	1.1.1.1	9
12403	1.1.1.1	9
12403	1.1.1.1	9
12403	1.1.1.1	9
12403	1.1.1.1	9
12403	1.1.1.1	9
12409	2.7.11.1	9
12412	5.99.1.3	9
12415	3.1.3.48	9
12419	2.3.1.43	9
12431	2.1.1.48	9
12431	2.1.1.51	9
12431	2.1.1.52	9
12437	1.1.1.41	9
12438	5.99.1.3	9
12439	3.6.1.3	9
12444	2.7.11.1	9
12445	2.4.1.198	9
12451	2.7.1.3	9
12452	3.1.3.41	9
12459	1.5.1.2	9
12462	2.4.1.41	9
12485	2.7.7.43	9
12489	1.14.13.8	9
12489	1.14.13.8	9
12492	3.1.1.1	9
12499	2.7.11.1	9
12501	2.7.11.1	9
12501	2.7.11.10	9
12502	3.6.1.15	9
12512	2.2.1.1	9
12512	2.2.1.1	9
12512	2.2.1.1	9
12518	3.6.1.3	9
12524	3.1.1.3	9
12526	2.1.1.43	9
12537	1.14.16.4	9
12537	1.14.16.1	9
12541	3.6.1.3	9
12541	3.6.3.44	9
12545	1.1.1.14	9
12545	1.1.1.14	9
12552	1.10.2.2	9
12558	3.6.1.3	9
12564	3.1.13.3	9
12566	3.6.1.3	9
12569	3.4.17.1	9
12570	2.7.11.1	9
12571	3.1.3.2	9
12571	3.1.3.2	9
12576	3.5.1.92	9
12578	3.1.1.5	9
12580	1.8.1.4	9
12580	1.8.1.4	9
12580	1.8.1.4	9
12580	1.8.1.4	9
12580	1.8.1.4	9
12580	1.8.1.4	9
12583	4.6.1.1	9
12584	3.1.3.48	9
12586	3.6.1.3	9
12599	3.6.5	9
12599	3.6.5.1	9
12601	2.7.1.127	9
12608	3.6.3.14	9
12608	3.6.3.6	9
12609	3.6.1.3	9
12611	2.4.1.17	9
12611	2.4.1.17	9
12611	2.4.1.17	9
12611	2.4.1.17	9
12611	2.4.1.17	9
12611	2.4.1.17	9
12612	3.6.3.8	9
12613	1.3.99.3	9
12613	1.3.3.6	9
12613	1.3.99.3	9
12613	1.3.99.3	9
12614	2.7.11.1	9
12623	2.7.11.1	9
12641	2.5.1	9
12645	3.2.1.17	9
12647	3.6.1.3	9
12648	5.1.3.2	9
12652	3.1.1.3	9
12654	3.1.2.15	9
12670	5.2.1.8	9
12676	3.4.21.1	9
12685	4.1.1.32	9
12693	3.5.1.4	9
12693	3.5.1	9
12696	3.1.27.9	9
12711	3.4.17.22	9
12711	3.4.17.1	9
12711	3.4.17.10	9
12711	3.4.17.3	9
12715	3.6.5	9
12715	3.6.5.1	9
12718	3.4.24.11	9
12721	3.1.26.5	9
12729	3.6.5	9
12729	3.6.5.1	9
12739	3.5.1.26	9
12741	5.3.4.1	9
12744	2.7.10.1	9
12752	3.4.21.4	9
12761	3.2.1.28	9
12763	3.1.1.1	9
12772	3.6.1.15	9
12780	1.11.1.7	9
12780	1.11.1.7	9
12784	2.4.2.9	9
12790	6.3.2.19	9
12798	1.6.2.4	9
12799	2.5.1.18	9
12799	2.5.1.18	9
12803	3.1.2.15	9
12817	3.6.1.3	9
12819	1.14.99.36	9
12827	2.3.1.48	9
12837	1.6.5.3	9
12839	2.7.7.49	9
12841	2.4.1.17	9
12841	2.4.1.17	9
12841	2.4.1.17	9
12841	2.4.1.17	9
12841	2.4.1.17	9
12841	2.4.1.17	9
12845	2.7.7.49	9
12846	2.7.11.1	9
12852	2.4.1.16	9
12860	3.6.1.3	9
12865	6.3.2.25	9
12867	2.7.11.1	9
12872	2.6.1.5	9
12872	2.6.1.5	9
12872	2.6.1.57	9
12872	4.4.1.14	9
12872	2.6.1.57	9
12875	4.2.1.11	9
12883	3.1.1.1	9
12885	3.6.1.3	9
12887	2.4.1.17	9
12887	2.4.1.17	9
12887	2.4.1.17	9
12887	2.4.1.17	9
12887	2.4.1.17	9
12887	2.4.1.17	9
12903	1.14.13.9	9
12909	6.1.1.7	9
12910	6.3.2.19	9
12920	2.7.7.13	9
12931	3.4.21.1	9
12933	1.6.5.3	9
12933	1.6.99.3	9
12934	3.5.4.4	9
12945	3.4.21.4	9
12956	5.99.1.3	9
12956	5.99.1.2	9
12964	2.7.2.11	9
12964	1.2.1.41	9
12967	1.14.11.1	9
12971	2.7.11.1	9
12980	3.6.5	9
12980	3.6.5.1	9
12985	2.5.1.58	9
12986	6.3.2.19	9
12993	2.7.11.1	9
12998	3.6.1.3	9
13000	3.1.26.4	9
13004	3.1.1.5	9
13004	3.5.1.1	9
13008	3.6.1.3	9
13011	3.6.3.6	9
13017	3.6.4.4	9
13021	6.3.3.2	9
13024	4.2.1.75	9
13025	3.4.23.5	9
13025	3.4.23.1	9
13026	3.4.21.1	9
13036	1.14.17.1	9
13037	3.6.5	9
13037	3.6.5.1	9
13037	2.7.11.1	9
13042	6.5.1.1	9
13046	3.1.1.1	9
13048	3.1.3.41	9
13049	3.6.1.3	9
13050	6.4.1.2	9
13059	2.7.11.1	9
13061	2.7.7.49	9
13064	2.7.7.6	9
13067	2.7.11.1	9
13067	2.7.11.24	9
13071	3.4.24.57	9
13080	2.7.2.3	9
13083	3.1.4.3	9
13083	3.1.4.46	9
13087	3.6.1.7	9
13093	3.6.1.3	9
13094	3.5.4.4	9
13109	4.2.1.1	9
13109	4.2.1.1	9
13111	3.6.5	9
13111	3.6.5.1	9
13112	3.6.1.3	9
13116	6.3.2.19	9
13117	2.7.7.6	9
13118	2.3.1.15	9
13118	2.3.1.15	9
13118	2.3.1	9
13120	4.2.1.70	9
13120	5.4.99.12	9
13131	3.4.11.2	9
13131	3.4.11.2	9
13131	3.4.11.7	9
13131	3.4.11.2	9
13135	3.6.1.3	9
13137	2.7.11.1	9
13143	2.7.7.6	9
13144	3.1.1.3	9
13145	3.4.22.34	9
13147	3.2.1.14	9
13157	3.4.21.4	9
13160	3.6.1.3	9
13169	3.4.24.64	9
13176	3.6.1.3	9
13179	3.6.1.3	9
13180	6.2.1.3	9
13180	6.2.1.3	9
13180	6.2.1.3	9
13180	6.2.1.3	9
13180	6.2.1.15	9
13180	6.2.1.3	9
13180	6.2.1.3	9
13188	3.2.1.20	9
13188	3.2.1.20	9
13188	3.2.1.20	9
13193	2.7.7.2	9
13200	3.1.2.15	9
13221	1.10.2.2	9
13224	2.3.1.85	9
13225	3.4.11.2	9
13225	3.4.11.2	9
13225	3.4.11.2	9
13226	6.2.1.12	9
13226	6.2.1.12	9
13226	6.2.1.12	9
13226	6.2.1.12	9
13230	3.5.1.98	9
13239	3.1.3.1	9
13239	3.1.3.1	9
13251	2.7.7.19	9
13253	6.1.1.22	9
13253	6.1.1	9
13253	6.1.1.12	9
13257	3.6.1.3	9
13259	4.3.3.2	9
13261	1.14.11.27	9
13261	1.14.11.27	9
13263	4.2.1.46	9
13264	3.2.1.17	9
13264	3.2.1.14	9
13266	1.1.1.14	9
13266	1.1.1.14	9
13270	2.3.1.43	9
13279	2.7.11.1	9
13281	3.6.5	9
13281	3.6.5.1	9
13285	3.6.5	9
13285	3.6.5.1	9
13294	3.5.4.16	9
13295	3.4.11.2	9
13295	3.4.11.2	9
13295	3.4.11.2	9
13296	1.1.1.49	9
13304	2.4.1.41	9
13312	3.4.24.26	9
13321	1.1.1.21	9
13321	1.1.1.21	9
13322	3.6.1.3	9
13325	5.2.1.8	9
13334	3.6.3.14	9
13334	3.6.3.6	9
13341	3.5.4	9
13343	3.6.1.3	9
13346	2.7.11.1	9
13346	2.7.11.24	9
13348	3.6.1.3	9
13355	2.7.11.1	9
13356	6.3.4.13	9
13356	6.3.3.1	9
13356	2.1.2.2	9
13358	1.2.4.4	9
13358	1.2.4.4	9
13358	1.2.4.4	9
13359	3.6.1.3	9
13373	2.7.7.49	9
13378	1.3.99.3	9
13378	1.3.99.3	9
13378	1.3.99.3	9
13380	2.7.11.1	9
13389	1.14.11.2	9
13392	2.7.7.23	9
13406	1.14.11.2	9
13409	3.6.1.3	9
13410	2.7.11.1	9
13411	3.3.1.1	9
13414	2.4.1.17	9
13414	2.4.1.17	9
13414	2.4.1.17	9
13414	3.6.1.3	9
13414	2.4.1.17	9
13414	2.4.1.17	9
13414	2.4.1.17	9
13416	1.11.1.9	9
13416	2.5.1.18	9
13416	2.5.1.18	9
13428	2.7.7.14	9
13450	3.4.21.1	9
13453	1.4.3.5	9
13453	1.4.3.5	9
13461	3.1.1.3	9
13464	2.7.11.1	9
13467	2.7.7.7	9
13471	3.1.1.4	9
13471	3.1.1.4	9
13487	1.3.99.10	9
13487	1.3.99.10	9
13489	3.3.2.10	9
13491	3.1.1.1	9
13493	3.1.1.4	9
13493	3.1.1.4	9
13498	3.1.3.12	9
13509	4.2.1.1	9
13509	4.2.1.1	9
13510	5.2.1.8	9
13514	3.6.1.3	9
13516	1.1.1.205	9
13524	2.7.7.49	9
13527	3.4.21.4	9
13530	6.3.2.2	9
13532	3.6.1.3	9
13538	5.3.3.8	9
13538	5.3.3.8	9
13538	5.3.3.8	9
13539	3.2.1.17	9
13543	3.1.6.14	9
13546	3.5.1.26	9
13562	3.4.21.4	9
13562	3.4.21.9	9
13566	1.14.16.1	9
13577	4.1.2.4	9
13587	3.1.2.15	9
13590	3.4.24.11	9
13593	3.6.5	9
13593	3.6.5.1	9
13594	2.7.11.1	9
13598	2.7.11.1	9
13604	3.6.1.3	9
13606	2.7.11.1	9
13607	2.3.1.32	9
13607	2.3.1.32	9
13607	2.3.1.48	9
13609	3.4.11.2	9
13609	3.4.11.2	9
13609	3.4.11.2	9
13611	2.7.11.11	9
13613	1.4.3.5	9
13613	1.4.3.5	9
13622	2.4.1.17	9
13622	2.4.1.17	9
13622	2.4.1.17	9
13622	2.4.1.17	9
13622	2.4.1.17	9
13622	2.4.1.17	9
13625	6.1.1.14	9
13628	2.7.11.1	9
13635	3.4.21.4	9
13639	2.4.1.41	9
13669	4.2.1.3	9
13669	4.2.1.3	9
13670	2.7.11.1	9
13682	6.3.5.4	9
13693	3.6.1.15	9
13699	6.3.2.19	9
13705	1.11.1.7	9
13705	1.11.1.7	9
13716	2.7.7.49	9
13718	2.8.1.1	9
13726	2.5.1.18	9
13726	2.5.1.18	9
13727	3.6.5	9
13727	3.6.5.1	9
13728	3.6.3.14	9
13728	3.6.3.6	9
13749	2.7.11.1	9
13757	3.1.1.3	9
13762	3.1.26.4	9
13762	2.7.7.49	9
13767	3.6.1.1	9
13773	2.7.11.1	9
13775	3.4.11.1	9
13776	3.4.14.5	9
13782	4.1.1.8	9
13794	1.14.11.2	9
13810	3.2.1.31	9
13811	3.4.11.1	9
13814	3.6.1.3	9
13820	3.4.21.4	9
13822	2.5.1.18	9
13822	2.5.1.18	9
13830	3.2.1.113	9
13834	3.1.3.16	9
13838	3.6.3.14	9
13838	3.6.3.6	9
13844	4.2.1.17	9
13844	4.2.1.17	9
13844	4.2.1.17	9
13844	4.2.1.17	9
13844	4.2.1.17	9
13844	4.2.1.17	9
13844	4.2.1.17	9
13844	4.2.1.17	9
13846	2.7.11.1	9
13846	2.7.11.22	9
13849	1.6.5.3	9
13849	1.6.99.3	9
13857	6.3.2.19	9
13864	3.1.3.7	9
13866	6.3.2.19	9
13867	6.3.2.19	9
13870	2.7.11.1	9
13876	1.1.1.44	9
13876	1.1.1.44	9
13876	2.7.11.1	9
13878	1.14.11.2	9
13882	2.5.1.18	9
13882	2.5.1.18	9
13890	3.6.5	9
13890	3.6.5.1	9
13895	3.6.1.3	9
13897	2.7.11.1	9
13898	6.3.2.6	9
13898	4.1.1.21	9
13900	6.3.2.19	9
13904	3.4.14.5	9
13909	6.3.2.19	9
13922	2.7.6.3	9
13923	2.7.7.6	9
13928	3.6.5	9
13928	3.6.5.1	9
13930	2.7.11.1	9
13942	3.1.1.4	9
13942	3.1.1.4	9
13949	3.6.5	9
13949	3.6.5.1	9
13951	6.3.2.19	9
13965	3.6.1.3	9
13970	1.5.1.12	9
13970	1.5.1.12	9
13970	1.5.1.12	9
13970	1.5.1.12	9
13984	3.5.4.4	9
13986	3.4.21.26	9
13987	2.7.11.1	9
13991	3.4.17.1	9
13994	1.1.1.41	9
13995	3.1.3.16	9
13996	1.1.1.21	9
13996	1.1.1.21	9
14002	3.6.3.14	9
14004	3.6.5.2	9
14004	3.6.5.2	9
14007	2.7.1.7	9
14007	2.7.1.1	9
14007	2.7.1.1	9
14007	2.7.1.1	9
14012	3.4.21.4	9
14017	1.6.99.3	9
14027	1.8.1.4	9
14027	1.8.1.4	9
14027	1.8.1.4	9
14027	1.8.1.4	9
14027	1.8.1.4	9
14027	1.8.1.4	9
14028	2.3.1.48	9
14031	3.1.3.2	9
14031	3.1.3.2	9
14041	1.14.19.1	9
14046	2.3.1.16	9
14046	2.3.1.20	9
14046	2.3.1.15	9
14047	4.6.1.2	9
14049	6.1.1.19	9
14053	3.6.5	9
14053	3.6.5.1	9
14058	3.6.1.3	9
14072	2.4.1.17	9
14072	2.4.1.17	9
14072	2.4.1.17	9
14072	2.4.1.17	9
14072	2.4.1.17	9
14072	2.4.1.17	9
14073	2.7.11.1	9
14075	3.1.1.3	9
14077	2.7.11.1	9
14080	2.7.7.6	9
14081	1.10.2.2	9
14083	3.6.5.1	9
14087	1.2.1.12	9
14088	1.1.1.34	9
14089	2.5.1.18	9
14089	1.8.5.1	9
14089	2.5.1.18	9
14089	1.5.4.1	9
14090	6.3.2.19	9
14091	2.7.7.49	9
14099	3.4.21.4	9
14100	2.1.1.100	9
14102	3.1.4.3	9
14102	3.1.4.46	9
14104	6.3.2.25	9
14114	6.3.2.19	9
14117	3.1.1.1	9
14122	3.5.1.98	9
14123	2.4.1.87	9
14123	2.4.1	9
14123	2.4.1	9
14123	2.4.1	9
14127	3.6.5	9
14127	2.4.2.31	9
14130	1.11.1.9	9
14131	3.4.21.1	9
14134	1.14.18.1	9
14139	6.3.5.1	9
14140	3.1.1.1	9
14142	2.5.1.18	9
14142	2.5.1.18	9
14158	2.7.1.153	9
14158	2.7.1.137	9
14158	2.7.1.154	9
14159	5.2.1.8	9
14173	1.1.1.8	9
14174	3.4.21.4	9
14184	5.2.1.8	9
14187	2.7.7.7	9
14194	2.7.7.7	9
14194	6.1.1.14	9
14196	2.5.1.18	9
14196	2.5.1.18	9
14207	3.6.5.5	9
14207	3.6.5.5	9
14214	3.1.2.15	9
14217	6.3.2.19	9
14222	2.7.1.30	9
14224	3.4.21.4	9
14226	3.1.4.12	9
14228	3.4.21.4	9
14233	3.4.21.4	9
14236	1.14.11.2	9
14237	3.6.3.8	9
14237	3.6.3.1	9
14237	3.6.3	9
14237	3.6.3	9
14238	3.1.1.4	9
14238	3.1.1.4	9
14240	3.6.1.3	9
14242	2.7.1.107	9
14245	2.7.11.1	9
14248	2.7.7.6	9
14249	2.4.1.119	9
14257	4.6.1.2	9
14261	2.7.1.20	9
14264	1.14.19.1	9
14267	2.7.10.1	9
14268	3.6.5	9
14268	3.6.5.1	9
14279	2.7.7.7	9
14282	3.1.4.3	9
14282	3.1.4.46	9
14283	3.1.3.48	9
14287	3.4.22.1	9
14290	3.6.1.3	9
14316	6.3.2.19	9
14322	3.1.1.1	9
14325	2.7.1.67	9
14329	3.1.1.3	9
14331	1.6.5.3	9
14335	3.6.3.14	9
14335	3.6.3.6	9
14341	6.2.1.3	9
14341	6.2.1.3	9
14341	6.2.1.3	9
14341	6.2.1.3	9
14341	6.2.1.15	9
14341	6.2.1.3	9
14341	6.2.1.3	9
14348	4.2.1.17	9
14348	4.2.1.17	9
14348	4.2.1.17	9
14348	4.2.1.17	9
14348	4.2.1.17	9
14348	4.2.1.17	9
14348	4.2.1.17	9
14348	4.2.1.17	9
14349	3.4.24.11	9
14350	3.6.1.3	9
14354	1.17.4.1	9
14354	1.17.4.1	9
14354	1.17.4.1	9
14354	1.17.4.1	9
14362	2.1.1.37	9
14362	2.1.1.37	9
14363	2.4.1.17	9
14363	2.4.1.17	9
14363	2.4.1.17	9
14363	2.4.1.17	9
14363	2.4.1.17	9
14363	2.4.1.17	9
14372	3.1.1.34	9
14376	3.6.1.3	9
14377	2.3.1.48	9
14382	1.1.1.27	9
14384	2.7.7.49	9
14393	2.5.1.18	9
14393	2.5.1.18	9
14402	1.14.13.13	9
14403	3.3.2.10	9
14405	3.1.1.3	9
14416	1.9.3.1	9
14419	3.1.1.1	9
14429	1.1.1.2	9
14438	3.1.4.11	9
14447	3.6.1.3	9
14453	2.7.7.7	9
14456	3.6.5	9
14456	3.6.5.1	9
14458	5.1.3.3	9
14458	5.1.3.3	9
14466	2.7.11.1	9
14468	3.6.1.3	9
14469	3.1.1.32	9
14476	3.2.1.52	9
14476	3.2.1.52	9
14481	3.1.1.31	9
14490	2.4.2.1	9
14490	2.4.2.1	9
14490	2.4.2.1	9
14490	2.4.2	9
14494	1.3.99.3	9
14494	1.3.99.3	9
14494	1.3.99.3	9
14496	3.1.1.1	9
14500	3.6.1.3	9
14511	3.5.1.92	9
14513	1.2.3.8	9
14521	3.5.1.23	9
14521	3.5.1.23	9
14530	3.1.3.48	9
14532	6.3.2.19	9
14536	4.1.1.50	9
14539	3.6.1.3	9
14552	1.6.5	9
14553	6.1.1.17	9
14554	2.1.1.61	9
14555	2.3.1.119	9
14556	1.6.5	9
