1	1331+1173
2	490+1309+522
3	1916+1642
4	303+722
5	843+201
6	869+1321
7	153+1665
8	926+1148+1665
9	1487+1665
10	3838+1665+914
11	522+1309+287
12	916+826+1682+1678
13	3779+978+68
14	926+916+342+1678
15	1972+1702
16	1321+914
17	492
18	1648+303
19	803+522
20	1276+3757+522
21	1321+1309
22	926+890+914
23	2329+1642
24	1503+914
25	926+92+133
26	631+522+1309
27	926+181
28	916+648
29	2330+1642
30	1032+1702
31	874+843
32	522+1407
34	260+522
35	1310+2566
36	356+1642+1309
37	775+522+1309
38	730+843
39	679+1702
40	1430
41	926+1651+92+36
42	95
43	926+1378+843
44	310
45	3604+1206
46	236+3761+926
47	400+1160
48	926+1669+916
50	926+826+499+1320
51	816+3761+926
52	752+54
53	467+1642
55	832+1507+1320
56	337+1552
57	2766+843
58	620+1551+303
59	1470+1310
60	3064+914
61	4821+3761
62	1321+303+1421+904
63	926+359+522
64	926+778+1702
65	703+1321
66	926+826+1321+499
67	475+522
68	2231
69	914+342+1678
70	142+1702
71	301+1548
72	1706+1665
73	3770+522+926
74	3443+181
75	280+916
76	926+1222+1321
77	926+1536+1642
78	380+303
79	303+1551+879
80	1189
81	926+341+158
82	1297
83	1663+1665
84	618+522+3778
85	290+3761
86	926+109+1665
87	297
88	1308+3761+926
89	1702+154
90	92+1506+1058
91	1549+3761+926
92	1678+1665
93	1534+522
94	3064+914
95	1300+303+3761
96	1320+1372
97	1551+1642
98	918+914+1665
99	3932+1642
100	790+1207
101	491+1309+522
102	926+11+1321
103	342+522+303
105	1503+1665
106	1310+1473
107	1176+1665
108	926+1070+130
109	981+335
110	92+1321+1507
111	3761+1008
112	1291+522+3757
113	3443
114	480+914
115	1648+838
116	332+1642
117	853+303+92
118	3443+1332
119	525+1213
120	3891+1642
121	740+522
122	1200
123	826+1665+914+229
124	926+64+92+36
125	181+926
126	303+252
127	325+914
128	2240+926+1666
129	396+1309+522
130	916+1855
131	1548+36
132	92+1714
133	1035+1321+926
134	512+1642
135	1321+303+1506
136	710+522
137	592+1309+522
138	265
139	767
140	92+1715
141	906+3779
142	210+1310
143	1207
144	403+1678
145	320+1321
146	1052
147	2800+1551+1647+303
148	1003
149	1396+1388+1321
150	926+1178+1320
151	3937+303
152	926+1438+1321
153	816+1321+926
154	1699+3291
155	301+1310
156	926+844
157	3412+1702
158	1139+522
159	826+314
160	1352
161	307+1321+926
162	3770+522+926
163	230+1642+1309
164	364+843
165	1361+1665
166	303+1551+779
167	58+522
168	926+760+843
169	903+911
170	3800+949
171	1192+1647
172	921+914+1665
173	3973+303+1642+3757+522
174	853+1548
175	4063+2915
176	896
177	848+1642
178	826+849
179	1676+1173
180	916+1408+926+1408+14+1678
181	630+1309+522
182	926+92+36+428
183	926+1410+916+1678
184	156+1170
185	393+914
186	456+1321+926
187	2297+3734
188	303+342+1665
189	632+1309+522
190	1502+1665
191	1189
192	1700+2328
193	522+170
194	926+351+1665
195	592+1309+522
196	554+1508
197	926+843+176
198	926+1402+1665+914
199	906+1082
200	926+424+1701
202	926+21
203	494
204	275+1665
205	92+130+926
206	1887+1702
207	488
208	904+926
209	554+876
210	781+1309+522
211	1048+1551
212	969+522
213	926+1035+36
214	1358
215	926+92+135
216	926+665+1700
217	1982+1321
218	1698+1665
219	982+926+982+335
220	1089+522
221	522+63
222	1966+1939
223	3657+1469
224	1498+4063
225	926+1321+1506
226	2566+1310
227	1193+1681
228	1404
229	1665+3604
230	926+1329+1320+1059
232	759+3800
233	1348+1665+914
234	800+522
235	1645+525
236	926+45+1702
237	3347+1691
238	1512+1309+522
239	3443+149+1644
241	251+1689
242	1507+36
243	722+3761
244	3+522
245	926+493+1642
246	826+914+1665
247	926+1335+202
248	1320+65
249	2239
250	3923
251	380+522
252	1507+303+1321
253	1233+1309
254	1796+1905+97+1052
255	1006+1309+522
256	926+570+1642
257	1439+2566
258	127+826
259	1289+3757+522
260	2004+1666
261	916+1687+833+1678
262	1414+1530
263	926+1487+1665
264	2449+1702
265	94+94+1642
266	1206
267	1401+522
268	709+1732
269	1239+1207
270	915+1726
271	1321+1506
272	926+1554+1642
273	856
274	926+1487+1665
275	926+158+215
276	452+1310+522
277	1664+1665
278	1178+1665
279	1648
281	838+1506
282	2469+1494
283	860+3761
284	298+36+919
285	860+1506
286	926+1396+916+1678
287	303+234
288	2060+299
289	2297+1524
290	916+1419+1678
291	1286+1309
292	926+1390+1421
293	1237+1161
294	36+83
295	926+1321+1224
296	1408+92
297	285
298	363
299	1697+1665
300	1320+1140
301	1681+926
302	749+1309
303	92+243+303
304	1828+843
305	1506+1388
306	1174+914
307	623+1551+303
308	2219+2469
309	926+1178+1678
310	1134
311	4775+914
313	1321+1551
314	293+522
315	248+1700
316	2459+1700
317	827+1552
318	717+843
319	1648+1160
320	826+216
321	1321+3932
322	374+92+303
323	1642+1372
324	1448
325	1073+36
326	1306+1421
328	29+914
329	522+191
330	949
331	3412+1969
332	926+1035
333	914+1550
334	1702+1813
335	1496
336	1160+1506
337	406
338	993+522+1309
339	92+191
340	599+1320+926
341	926+843+1356
342	1335
343	869+1642
344	565+1642
345	1648+522+1309
346	1132+3757
347	756+3800
348	843+2889
349	351+1689
350	1378+1678
351	3951+1309
352	2464+1642
353	1668+1665
354	4086+1642+303+1309
355	65+153
356	926+805+914
357	926+643+914
358	1506+1548
359	1661
360	420+914
361	2534+900
362	826+263
363	1321+543
364	1277+158+522+1309
365	926+266+1506
366	111+522
367	1161
368	766+522
369	622+1551+303
370	926+1320+1129
371	926+474+1665
372	938+522
373	926+1296+1642
374	987+522+1309
375	1283
376	1493+914
377	1173+1678
378	627+1551+303
379	826+439
380	926+757
381	1666+1665
382	513+1642
383	92+1706
384	4393
385	922+926+914+1665
386	940+522
387	520+522
388	926+1308+1701
389	2743+833
390	242+1309+522
391	1551+3768
392	522+1309+562
393	2438+1700
394	911
395	743+522
396	926+1666+914
397	303+809
398	1551+1320+926
399	1222
400	926+1666+1150
401	1170+1160
403	1113
404	843+2891
405	560+1665
406	3830+1676+158
407	522+390
408	1537
409	303+140
410	994+522
411	926+353+1320
412	812
413	303+1642+561
414	418+522
415	1641+522
416	476
417	1408+1405
418	926+1444+1320
419	1389+3779
420	2462+4069
421	926+1040+36
422	525+2565
423	255+1320+926
424	3779+3748
425	926+1079+1350
426	1176
427	1344
428	1363+1642
429	354+914
430	1078+40
431	963+1551+303
432	1724+1678
433	926+350
434	916+636
435	92+1353+303+1321
436	926+112+158+303
437	369+303
438	926+1180+1665
439	1190
440	3583+3583
441	926+914+1417+1665
442	1441+1309+522
443	92+1692
445	303+980
446	1321+1086
447	1282+1309+522+158
448	926+846+1548
449	926+1518+1642
450	1072+1065
451	145
452	430+3757+916
453	1665+849+1309+914
454	3074+92+36
455	1700+1666
456	1281+3757+522
457	303+698
458	714+1321+926
459	926+316+843
460	1712+1678
462	926+1484+1665
463	1682+914
464	926+92+722+36
465	1443+1309+522
466	546+1049
467	826+3761+926
468	1123+916
469	108
470	704+303+1321
471	1432+303+1642
472	2308+1642
473	926+1320+1110
474	538+1321+926
475	1321+1304
476	926+355+914
477	1161+1113
478	1911+1207
479	1239+1911
480	1321+2020
481	503+1702
482	1207+1199
483	914+1665
484	1385+3778+522
485	1235+914
486	926+1482+1665
487	826+429
488	926+92+42
489	543+1388
490	1266
491	1551+1433
492	447+1665
493	1794+1702
494	926+1548+1642
495	572
496	1505+303
497	926+92+1437
498	1320+1354
499	1146+916
500	1642+4063
501	1437+3779
502	76+1666
503	989+1309
504	247+1465
505	61
506	709+522
507	814
508	2919
509	926+914+1108+1665
510	252
511	916+768
512	1806+926+1506+1036
513	1927+826
514	984+64+36
515	1129
516	926+500+778
517	1665+1482
518	3583
519	3977
520	303+1321+1404
521	926+441+1703
522	926+767
523	926+1322+303
524	906+1506
525	3343
526	926+567+1665
527	623+1551+303+522
528	1240
529	2219+1700
530	1001+522
531	3396+1321
532	1130+1309
533	926+1678+916+1373
534	2326+303
536	917+914+1665
537	826+1558
538	916+276
539	926+640+36
540	1317+3779
541	926+1445+1309
542	2888+303+1551
543	926+521+1665
544	926+1004
545	363+1665
546	2469+3598
547	916+651
548	926+826+323+1462
549	3347+1681
550	92+36+216
551	1421+1548
552	916+2713
553	926+1506+92
554	2330+1700
555	213+916
556	601+916
557	502
558	612+1551+303
559	1268+522+3757
560	522+1160+384
561	92+4079
562	1642+2010
563	368+270+522
564	826+499
565	926+715+1506
566	641+916
567	256+752
568	554+980
569	2023+1699
570	198+914
571	926+1158+1702
572	926+503+1702
573	1321+1548
574	1275+1309
575	1259+1309+522
576	926+1421+916+1678
577	75+1506
578	186
579	926+711+916+1678
580	2438+914
581	303+983
582	843+3801
583	1861+1702
584	1121+1321+926
585	1062+36
586	2456+1665
587	3761+905
588	3779+1647+838
589	132+3757+522
590	926+1321+1224
591	1436+522
592	92+1035
593	92+1174
594	926+835+1548
595	1164+1699
596	926+1538
597	1126+916
598	796+843
599	1433+1548
600	545+1320+926
601	1320+1747
602	551+36
604	3604+1702
605	926+511
606	1020+1702
607	1740+522
608	926+1527+1320
609	4393
610	926+1174+1321
611	1459
612	211+1320+926
613	1141+1507
614	1024+1702
615	303+227
616	826+3831
617	149+914+1665
618	303+976
619	892+853
620	846+1716
621	428
622	1521+1642
623	3343+926+1332
624	926+376+1678+916
625	916+70+1700
626	329+522+303
627	157+1321+926
628	92+1680
629	926+39+1321
630	2729+303+1551
631	926+914+1175
632	303+328
633	620+1309+303
634	926+951+522
635	44+522
636	303+1437
637	522+303+1551+959
638	291+3779
639	37+303
640	1275+3778
641	926+1000
642	826+465
643	794+522
644	914+1665
645	366+830
646	499
647	916+1678+4376
648	1893+1666
649	1110+914
650	522+1140
651	1642+1665
652	3779+1647+876
653	1537+3757
654	2230+1642
655	1241
656	926+833+389
657	1408+303+926
658	1731+916
659	926+89
660	174+3761+926
661	361+926+361+1678+914
662	1002
663	914
664	1381+1309
665	947+941+522
666	1028+1702
667	926+1533+1642
668	92+181
669	223+914
670	916+1113
671	914+4063
672	36+1253
673	2256+3727
674	2065+4080
675	789+1207
676	926+410
677	926+746+843
678	386+1045+926
679	3618
680	1284+1309
681	1506+3149+92
682	1314+3779
683	738+522
684	826+145
685	998+1309
686	4101
687	926+179+1699
688	926+435
689	292+522
690	1216+1727
691	617+303+1309
692	922
693	859
694	656+916
695	96+916
696	3935+1309
697	704+303+92+3757
698	458+1320
699	1115+1548
700	195+1309+522
701	870+1665
702	580+1309
703	37+92+36
704	926+151+1665
705	1665+914+921
706	457+1321+926
707	1725+914
708	3412+1320
709	92+36+4275
710	926+66+1642
711	1074+906+926
712	368+522
713	1071+975+926
714	1334+914
715	916+1388+1678
716	1643+522
717	371+522
718	1377+1678+916+926
719	1039+303
720	926+530+1703
721	1507+3761+926
722	926+1191+1665
723	915+1733
724	2510
725	575+916
726	2232+2220
727	53+1702
729	916+1117
730	2341+926+843
731	916+1678+1682
732	1433+1642
733	1321+1646
734	2329+480
735	602+1320+926
736	926+677+1665
737	625+303+1551
738	97+414+1052
739	1715+914
740	2255+522
741	3185+97+1052+208
742	926+668+1665
744	371+522+914
745	659+916
746	91+1702
747	522+25
748	1651
749	973+4063
750	1064+1071
751	1273+1309
752	1174+1160
753	926+1320+1176
754	1173+1544
755	1659+303+522
757	860+303
758	833+479
759	1027+1702
760	46+1642
761	926+92+1506+846
762	926+144+92+36
763	4276+86+3757+522
764	92+1505+835
765	3932+1320+926
766	1321+1543
767	1664+92
768	1208
769	1699+1665
770	693+1321+926
771	1154+1474
772	4275+3065+36
773	826+479
774	2256+1702
775	690+1310
776	496+3761+926
777	1552+1462
779	617+303+1551
780	926+1335+1309
781	1301+3761+303
782	1552+1678
783	307+1309
784	899+1551
785	1498+914
786	698+92+36+303
787	926+1194+1665
788	3799+3278+1702
789	1457+303+36
790	1365+1666+914
791	3228+1699
792	3924+3779
793	1714+914
794	926+1355+843
795	926+1327+1320+1059
796	2459+1226
797	80+914
798	926+516+1702
799	737+522
800	439+303
801	826+557
802	926+259+843
803	3694+1206
804	109+522
805	578+1309+522
806	926+1700+1665
807	1376
808	916+1685
809	914+828
810	1308+1665
811	1431+1551
812	1505+92
813	926+1665+1673
814	1428+1309
815	566+1320+926
816	590+1702
817	926+458+1321
818	1280
819	1435
820	931+914
821	1389+1307
822	1330+1207
823	926+842+1665
824	1651+1320+926
825	916+637
826	1346+353
827	20+1642
828	926+301+92
829	189+3779
830	1397+543
831	1548+273
832	926+843+748
833	1995+92+303
834	1144+916
835	3198+2534
836	244
837	1529
838	914+1665
839	1192
840	384+1642
841	926+1321+1476
842	1740+3779
843	826+1321
844	926+1321+255
845	12+1320+926
846	916+1127
847	1246+914
848	379+303
849	926+1532
850	1225+1321+926
851	249+1702
852	469
853	138
854	303+916+133
855	485+522
856	548+3779
857	397+303
858	1320+4279
859	843+720
860	478+1665
861	1265+1320+926
862	1645+525
863	926+1665+193
864	3443+1681
865	1019+1702
866	178+4065
867	888+1346
868	661+916
869	556+1321
870	1486+1665
871	926+744+843
873	1660
874	1193+1691
875	1395
876	914+1174
877	1255+1309+522
878	965+916
879	462+914
880	914+1678
881	2511+4069
882	833+465
883	752+489
884	916+26
885	3831+914+1665
886	205+522
887	3385+1321
888	926+1181+1665
889	926+509+522
890	256+751
891	3347+1692
892	24+838
893	216
894	296+1320+926
895	340+303
897	92+1721
898	1232+1309
899	926+1723+916
900	557+1642
901	3163+3149
902	926+892+1642
903	660+916
904	1045+926
905	1437+303+926
906	1507+303+1320
907	525+1321+926
908	3796
909	926+1482+1665
910	926+817+335
911	926+192+1665
912	926+1452+1642
913	1037+1665
914	997+522+3778
915	826+116
916	419
917	1095+303
918	561
919	1677+1665
920	436+1168+522
921	926+1665+384
922	1522+1642
923	696+1551
924	92+1718
925	1104+3779
926	926+996
927	759+3800
928	2054+1642
929	926+663+1702
930	916+262
931	3189+522+1093
932	801+522
933	726+303+916
934	734+843
935	922+927+914+1665
936	1092+522
937	4069+1642
938	523+522
939	847+92+1309
940	1367+303+1321
941	1548+480
942	758+3800
943	246+3779
944	891+1346
945	104+250
946	1184+1665
947	916+653
948	926+92+485
949	926+1320+1665
950	833+1087
951	1287+3757+522
952	689+926
953	843+287
954	926+133+1665
955	914+1665
956	92+303
957	1754+97+1052
958	3524
959	725+303+522
960	926+377+1665
961	916+604
962	756
963	49+826
964	506
965	1282+158+1309+522
966	1421+1309
967	926+914+1119+1665
968	3931+1642+303+1310+1309
969	1404+1388
970	1445+1309+522
971	552+1310+522+303
972	1100+321
973	1177
974	628+522+1309
975	1437
977	1742+522
978	554+457
979	914+1666
980	92+36+1338
981	1421+1678+916+522+1309
982	2943+1642+522
983	3954
984	926+92+1331
985	736+522
986	1671+914
987	426+1333
988	1041+1321
989	454+1548
990	1471+1310
991	1665+914+1407
994	522+303+421
995	662+916
996	522+25
997	1682
998	916+3935+1678
999	926+1551+897
1000	926+897+1548
1001	914+4364
1002	522+241
1003	694+1310
1005	722+92+36+926
1006	926+773+916
1007	1548+2293
1008	1437+303+3779
1009	1519+340
1010	926+1489+1665
1011	372+916
1012	926+318+843
1013	926+1447
1014	1969+914
1015	926+496+1665
1016	237+3779
1017	1785+1702
1018	4063+2469
1019	1382+528
1020	3779+1508
1021	689+1321+926
1022	3956
1023	1970+1702
1024	1665+342
1025	554+853
1026	926+529+1321
1027	1183
1028	2451+1665
1029	563+522
1030	302
1031	926+1109+914+1665
1032	1666+411
1033	3761+1982
1034	508
1035	914+167+1665
1036	926+522+174
1037	6+3800
1038	624+303+1551
1039	818+914
1040	926+1222+1320
1041	721+972
1042	826+1511
1043	926+1321+708
1044	861
1045	926+199+303
1046	1357
1047	566+1309+1642
1048	522+1059
1049	764+3800
1050	1391
1051	926+666+1700
1052	1310+914
1053	886+1309+522
1054	1709+1665
1055	1646+3779
1056	2+522+303
1057	2454+1665
1058	18
1059	926+1045+1320
1060	926+1441+1309
1061	225+303
1062	507+522+3757
1063	1315+3779
1064	1066+1350
1065	171+522+1309
1066	926+1455+1642
1067	559+1309+522
1068	119+1700
1069	370+92
1070	3585
1071	501+1320+926
1072	885+1309+522
1073	926+1249
1074	377+1642
1075	936+1309+522
1076	522+1098
1077	1059
1079	1860+1702
1080	926+1321+375
1081	303+807
1082	600+916
1083	769
1084	926+1509+158
1085	3977
1086	1199+1207
1087	1320+1508
1088	1375+1548
1089	1551+1365
1090	1505+303+1321
1091	1665+914+442
1092	1508+1551
1093	634
1094	835+847
1095	333+303
1096	3761+1140+926
1097	926+130+92
1098	647+916
1099	916+1684
1100	36+1544
1101	209
1102	1176+1041
1103	916+1411
1104	792+1207
1105	137
1106	3749+1321+926
1107	926+1321+1545
1109	4074+926+1321
1110	1257+1309+522
1111	1310+914
1112	1702+1150
1113	131+522
1114	727+303+916
1115	926+985+1642
1116	793+443
1117	3349
1118	92+830
1119	1520+1642
1120	1321+1388
1121	926+670+1702
1122	926+1143+1665
1123	3347+1694
1124	1328+522
1125	1665+914+1710+826
1126	955+1551+303+522
1127	762+1309+1653+522
1128	444+303+522
1129	926+1665+184
1130	330+303
1131	926+250+1320
1132	534+914
1133	3779+1439
1134	368+432
1135	1193+1689
1136	769+522+1309
1137	833+499
1138	1029+1702
1139	905+701+926
1140	1689+193
1141	914+1969
1142	522+3778+1011
1143	837+875
1144	687+1507
1145	1665+1175
1146	4082+1321
1147	480+4063
1148	716+843
1150	4069+1226
1151	826+1508
1152	3901+1642
1153	926+17+1678+916
1154	733+843
1155	30+3779
1156	2057
1157	303+1321
1158	826+118
1159	914+1170
1160	525+1160
1161	1399+303+1321+926
1162	1748
1163	926+950+1702
1164	3443+1691
1165	1380+1321
1166	926+197+1666
1167	3779+525
1168	878+843
1169	1507+303+1676+522
1170	522+1309+1
1171	939
1172	368+1335
1173	1321+1507+836
1174	995
1175	2901+522+202
1176	826+141
1177	926+558+1678+916
1178	1642+2657
1179	1549+1307
1180	92+539
1181	1245+1702
1182	1153+1474
1183	1151+1474
1184	926+1369+1678+916
1185	1263+1309
1186	406
1187	2727+916
1188	489+1058
1189	536+3779
1190	69+1655
1191	709+522+1656
1192	1174+1665
1193	43+1665+914+926
1194	175+303
1195	245+522
1196	92+1698
1197	434+522+1309
1198	926+936
1199	1552+543
1200	926+816+1321
1201	387+1507
1202	1552+3779
1204	867
1205	3761+525
1206	71+1309
1207	1647+1074
1208	854+1506
1209	646+916
1210	380+926+158
1211	36+1647
1212	92+1505
1213	1035+3761+926
1214	799+522
1215	952+916
1216	134+3778+1665+914
1217	916+121
1218	1299+3761+303
1219	2717+1665
1220	161+1321+926
1221	1433+1528
1222	515
1223	1370
1224	926+1083+1506+92
1225	1157+1702
1226	1216+525
1227	615+1551+303
1228	218+1321+926
1229	627+1309+522
1230	916+639
1231	923+522
1232	926+1166+1702
1233	30+522
1234	922
1235	1648+1506
1236	926+1371+1678+916
1237	926+1150+1665
1238	926+1321+407
1239	1437+522
1241	2341+1700
1242	1508+1506
1243	1511+303+1321
1244	822+522
1245	926+112+158
1246	1421+1388
1247	926+757
1248	155+92+36
1249	129
1250	92+36+2860
1251	929+1702
1252	613+303+1551
1253	837
1254	621+522+1309
1255	1416+1551
1256	1665+914+269
1257	486+303
1258	926+1293+1642
1259	628+1551+303
1260	1172+1321+926
1261	1364+1642
1262	1710+1665
1263	1212+914
1264	1457+303
1265	1192
1266	611+522+3778
1267	1506+352
1268	863+541+1506
1270	990+522+1309
1271	303+267
1272	826+1087
1273	406
1274	926+772+843
1275	926+1520+92
1276	681+916
1277	522+1549
1278	3186+97+1052
1279	926+823+1321
1280	598+1320+926
1281	2530
1282	499+1321+926+92
1283	620+1551+303
1284	584+1702
1285	1320+1500
1286	1290+3757+522
1287	2
1288	1097+303
1289	926+360+1321+303
1290	60+926
1292	92+481
1293	608+1309+522
1294	1678+1665
1295	852+1642
1296	3778+522
1297	1033+1702
1298	308+1642
1299	1954+1939
1300	3619+1161
1301	514+522
1302	1069+3800
1303	914+216+1665
1304	1178
1305	259+1665
1306	926+843+316
1307	522+1309+710
1308	605+522+1309
1309	2328+340
1310	357+522
1311	2784+303+1551
1312	926+843+73
1313	916+1382+1678
1314	522+303
1316	824+1506
1317	926+151+1320
1318	362
1319	3779+1506
1320	785+1702
1321	797+522
1322	999+522
1323	3604+1161
1324	926+1487+1665
1325	1508+36
1326	525+3761+926
1327	1665+1705
1328	431+1320+926
1329	2198+1309
1330	1508+1421
1331	4261+522
1333	1853+1939
1334	629+522
1335	1278+1309+522
1336	1074+1542
1337	926+1174+1321
1338	92+378
1339	926+669+1665
1340	826+457
1342	1034+1702
1343	926+664+1702
1344	1650+303
1345	1400+1421
1346	922
1347	1507+303+1320
1348	3839+1665+914
1349	1280+1309
1350	4069+1321
1351	3779+1309
1353	916+504+1678
1354	1177+1665
1355	1953+1939
1356	1978+1702
1357	51
1358	3800+945
1359	375+914
1360	1261+3757
1361	771+303+1642
1362	374+522
1363	655+916
1364	926+521
1365	52
1366	544+1321+926
1367	926+1665+308
1368	926+38+916+1678
1369	1665+1701
1370	843+795
1371	926+1454+1642
1372	926+92+818
1373	1118+303
1374	2716+837+1667
1375	1320+1692
1376	2919+849
1377	721+1160
1378	36+1982
1379	1851+1666
1380	914+3418
1381	1303+1309
1382	2469+914
1383	1474+914
1384	914+1665
1385	926+38
1386	210+522
1387	926+914+1665
1388	742+522
1390	784+1207
1391	1174
1392	1152+1474
1393	1651+1074
1394	3253+916
1395	413+1309
1396	2037+1702
1397	926+1321+1507+832
1398	596+916
1399	926+906+1320
1400	1174
1401	1173+1689
1403	3401+1969
1404	1173+832+522
1405	926+1532
1406	825+919
1407	1782+1939
1408	3761+1140
1409	1309+522+305
1410	259+2469
1411	303+699
1412	926+1453+1642
1413	3995+916
1414	126+1655
1415	765+522
1416	1417+1551
1417	3343+1665
1418	527+1309
1419	3929
1420	926+1449+1642
1421	303+404
1422	479+522
1423	863
1424	926+1451+1642
1425	122+2469
1426	916+547
1427	4275+92+36
1429	4063+92
1430	573+916
1431	1148
1432	36+1338
1433	3761+458
1434	843+706
1435	1666+914
1439	240+914+1678
1440	312
1441	1413+914+1665
1442	1207
1443	1490+914
1444	808+303
1445	926+531+1309
1446	1178+1665
1447	1347+837
1448	1662+303+522
1449	926+315
1450	3396+1161
1451	278
1452	3838
1453	3616
1454	1096+303
1455	916+34
1456	522+897
1457	1506+2565
1458	916+1310
1459	2233+1642
1460	652+916
1461	1530+1405
1462	1142+916
1463	522
1464	3779+501
1465	1541+1310
1466	697+926
1467	525
1468	1499+4063
1469	1063+303
1470	1665+914+1352
1471	1549+3779
1472	2297+4063
1473	887+1309+522
1475	3007+914+1665
1476	3743+1320+926
1477	1174+1168
1478	1321+1692
1479	2919+1074
1480	519+1309+522
1481	1383+3779
1482	2051
1483	916+1688
1484	899+1507
1485	884+1321
1486	1371
1487	1665+1703
1488	324+1321
1489	3903+1362+1642
1490	1318+3779
1491	1648+1388+1321
1492	92+1331
1493	4364+1665
1494	914+752
1495	1045+1665
1496	385
1497	916+3927+3920+1678
1498	211+1309+522
1499	712+522
1500	2455+1665
1501	319+3761+926
1502	2237
1503	347
1504	522+1309+172
1505	2304+2080
1506	1025+1702
1507	1506+33
1508	791+1207
1509	914+1666
1510	1173+181
1511	1155+1474
1512	4264+1310
1513	926+398+1321
1515	926+183+1678+916
1516	1211
1517	1128+916
1518	1007+522+3778
1519	1405
1520	916+682
1521	3956
1522	180+1310
1523	1857+1666
1524	926
1526	522+126
1528	916+914+839
1529	916+1136
1530	826+356
1531	891
1532	926+1320+714
1533	926+1488+1665
1534	1431+1642
1535	1320+1733
1536	1171
1537	145+522
1538	926+993
1539	698+92+36
1540	654+916
1541	69+914
1542	1070+1350
1543	36+900
1544	926+1341+914+522
1545	2451+914
1546	826+92
1547	1112+1321
1548	1506+1530
1549	216+1388
1551	473+303
1552	782+1207
1553	254+1309
1554	1193+4330
1555	1169
1556	457+1548
1558	916+1306
1559	926+32
1560	585+1309
1561	1271+522+1309
1562	916+2713
1563	1744+522+3778+13+924
1564	336
1565	926+693+1320
1566	1707+1665
1567	926+279+1665
1568	926+85+1309+905+522
1569	826+1506
1570	650+916
1571	1678+1077
1572	1648+838
1573	1220+284
1574	522+1309+754
1575	137+1320+926
1576	693+1642
1577	522+1168+384
1578	616+1551+303+522
1579	1274+522+3757
1580	19+303
1581	271+1207
1582	303+700
1583	3349+1642
1584	718+843
1585	916+82
1586	455+1702
1587	916+1422+1678
1588	1499+522+1309
1589	1161+1239
1590	542
1591	844+554
1594	826+978
1595	1421+303+1321
1596	1262+522+3757
1597	1939+1701
1598	916+35
1599	392+914
1600	576+916
1601	36+1647+838
1602	992
1603	926+1665+1192
1604	294+916
1605	926+1320+868
1606	916+187+1678
1607	4024+1309+1642
1608	914+1495
1609	3977+522
1610	458+838
1611	1504+36
1612	1506+92
1613	522+1368
1614	260+522
1615	1665+102
1616	926+1398+1678+916
1617	1173+1692
1618	894+1642
1619	926+916+341+158
1620	3252+914+1665
1621	382+158
1622	1260+1321+926
1623	1178+1207
1624	916+417+1678
1625	301+303+522
1626	1552
1627	467+1642+1676
1629	916+826+834+1678
1630	1440+914+1665+926
1631	2329+1665
1632	3916+1309
1633	3538
1634	124+1310
1635	916+967
1636	3306+1702
1637	588+1702
1640	181+1321+926
1641	4392+1665
1643	926+594+1702
1644	862
1645	451+1507
1646	1074+914+1665
1647	190+1309+522
1648	288
1649	1173+1681
1650	1388+1506
1651	522+25
1652	303+836
1653	1747+1321
1654	926+1125+1332
1655	926+1167+1702
1657	851+3761+926
1659	1366+1307
1660	113+303+522
1662	926+1738+1642
1663	219+1665
1664	916+595
1665	1805+1642
1666	926+277+1665+914
1667	1302+3761+303
1668	1207
1669	914+303+567+1665
1670	1224
1671	1405+303+1321
1672	914+954
1673	92+3761+1507
1674	438+1320+926
1675	883+1732
1676	2870+1551+1647+303
1677	2967+1642
1678	3779+216
1679	1035+92
1680	1652+1324
1681	92+1507+1320
1682	3532+1056+1548
1683	926+164+1665
1684	926+843+79
1685	950+522
1686	1288+522+3757
1687	3581
1688	926+1122+914+1665
1689	926+914+1665
1690	1067+36
1691	926+683+1700
1692	2247+2469
1693	1523+1642
1694	1258+3757
1695	3977+36
1696	1699+1666
1697	1004+522+3778
1698	522+1013+202+1324+303
1699	2304+4063
1700	1780+1939
1701	1967
1702	1807+169
1703	926+125+1665
1704	1733+1074
1705	407+1309+1642
1706	3167+522+1969
1709	3617
1710	1640+3757
1711	818+1309+1091
1712	2686+843
1713	1057+3761
1714	3343+926+1331
1716	1353+838+522
1717	926+1483+1665
1718	303+1403
1719	1368+1307
1720	498+303
1721	1702
1722	926+944
1723	1665+1175
1724	338+1665
1725	522+253
1726	1713+914
1727	2051+826
1728	926+693+914
1729	926+1159+1702
1730	522+1437
1731	2229
1732	1374+522+3778
1733	1256+1321+926
1734	1174
1735	1045+1321
1736	926+671+1702
1737	36+689
1738	926+1295+1642
1739	719+843
1740	926+728+843
1741	185+1310
1742	930+303+1642
1743	589
1744	926+1354+914+1665
1745	232+522
1746	3977+522
1747	1026+1702
1748	22+914
1749	2566+1552
1750	4225+1702
1751	1665+1702
1752	1665+2717
1753	926+1005
1754	893
1755	926+540
1756	926+1485+1665
1757	98+1321+926
1758	926+1320+356
1759	2454+914
1760	1321+1036
1761	1323+1207
1762	877+843
1763	1192+303+3761
1764	838+1648
1765	893+914
1766	522+1365
1767	177+1699
1768	126+3761+926
1769	579+522+3778
1770	453
1771	221+1309+522
1772	991+522
1773	934+1309+522
1774	607
1775	119
1776	843+1446
1777	926+1480+1665
1778	911+3779
1779	1307+3924
1780	1421+158
1781	204
1782	788+522
1783	1975
1784	1023+1702
1785	926+1320+1507+836
1786	972+1969
1787	200
1788	926+1320+216
1789	189+1642+926
1790	1193+1692
1791	1090+522
1792	1528+1388
1793	2464+2309
1794	793+1207
1795	1265+3757+522
1796	1740+522
1797	1179+1665
1798	3618+1246
1799	3396+1206
1800	449+1309
1801	342+522
1802	334+3779
1803	610+1551+303
1804	1665+914+165
1805	152+522
1806	525+2566
1808	1279+3757+522
1809	914+1236
1810	1525+1642
1811	724+1207
1812	1666+914
1813	916+966
1814	522+1406
1815	692
1816	3408+1321
1817	1346+1461
1818	522+202
1819	524+1321+926
1820	283+1702
1821	916+274+1678
1822	597+1309+522
1823	926+937+1702
1824	837+1753
1825	1346+158
1826	926+1443+1309
1827	843+837
1828	926+657+916
1829	1163+1699
1830	1074+4194
1831	522+1648
1832	926+446+1702
1833	1080+130
1834	926+1496+1665
1835	1535+522
1836	926+1658
1837	1264+1309
1838	602+1320+926
1839	2051+1506
1840	514+522
1841	425+1321
1842	755+1207
1843	1213+1506
1844	1321+3932
1845	458+838
1846	522+1309+438
1847	1384+1307
1848	276+1074
1849	984+335
1850	158+1728
1851	1321+1309
1852	163
1853	926+185
1854	90+3757
1855	1996+1508
1856	815+303
1857	2327+914
1858	741+522
1859	926+1678+916+1310
1860	10+1309+522
1861	956
1862	1272+1320+926
1863	3349
1864	1747+1665+914
1865	343+522
1866	206+303
1867	3652+3652
1868	770+1642+303+1309+522
1869	947+522
1870	798+522
1871	1111
1872	1534+522
1873	897+914
1874	926+440+1642
1875	3619+1161
1876	926+1097+843
1877	303+342+1666
1878	1382+346
1879	916+826+1678+1310
1880	1969+4063
1881	1292+3757+522
1882	1539+3757
1883	162+1309+522
1884	926+1319+843
1885	689+926
1887	3255+914+1665
1888	926+92+713
1889	522+106
1890	926+1173+1665
1891	1088
1892	926+1186+1642
1893	979+68+36
1894	1820+1702
1895	926+909+1321
1896	1225
1897	926+906+188+1551+303
1898	914+4040
1899	2223
1900	667+1665
1901	549+1309+522
1902	426+914
1903	198+914
1904	657+3230
1905	344
1906	991
1907	4154+3778+522
1908	303+41
1909	926+1175+1678
1910	214+818
1911	1508+1388
1912	158+1074
1914	1428+1388
1915	1021+1702
1916	1509+831
1917	4053+914
1918	532+36
1919	33+3761+926
1920	1320+303
1921	926+358
1922	1461
1923	761+1309+522
1924	105+522
1925	826
1926	1105
1927	1269+522+3757
1928	3612+1702
1929	339+1665
1930	916+1674
1932	807+3757+404
1933	645+916
1934	953+522
1935	1320+303+1506
1936	926+525+1665
1937	926+1190+1665
1938	926+388
1939	168
1940	926+1321+239
1941	522+1309+282
1942	787+1207
1943	331+1310
1944	1741+303+522
1945	48+36
1946	980+303+92
1947	1044
1948	1741+303+837+1667
1950	1321
1951	2063+1666
1952	415
1953	4032
1954	926+1501+1665
1955	368+1320+926
1956	1716+914
1957	926+1665+1338
1958	1219+1702+926
1959	926+1321+571
1960	1177
1962	926+1038+1470
1963	3425
1964	1481+853
1965	926+1556+1320
1966	1666+914
1967	163
1968	1068+1310
1969	926+714+36
1970	1245+914
1971	926+1486+1665
1972	1061+3778
1973	110+92+3761+926
1974	731+843
1975	926+1738+1642
1976	763+1309+522
1977	303+1699
1978	2906+914
1979	1398+1548
1980	303+33
1981	1087+914
1982	1309+1665
1983	1388+303+1321
1984	582+1309+522
1985	926+100+92
1986	522+1309+986
1987	916+968
1988	1323+522+1309
1989	92+3779+1087
1990	1511+1321+926
1991	926+286+843
1992	461+4330
1993	926+1321+405
1994	831+1507
1995	943
1996	1428+1310
1997	861+1388
1999	933+303+1642
2000	4120+36
2001	3345
2002	1697+1354
2003	826+324
2004	143
2005	1321+1304
2006	1460
2007	525+732
2008	914+1666
2009	1353+3761+926
2010	1510+833
2011	3343+1689
2012	463+303+1321
2013	926+1313+916+303
2014	1193+1691
2015	3443+1689
2016	237+1321+926
2017	916+120+1678
2018	303+457
2019	926+1492+1665
2020	926+1114+914+1665
2021	1708+1665
2022	2234+3757+522
2023	926+238
2024	735+522
2025	4264+1309
2026	159
2027	92+203
2028	1642+806
2029	926+142+1702
2030	216+1421
2031	783+1207
2032	926+1378+1678+916
2033	1272+3757+522
2034	165+303
2035	702+303
2036	832+1665+914
2037	233+1665+914+3757
2038	1799+1939
2039	335+850
2040	1510+522+303
2041	2016
2042	1516+1642
2043	916+635
2044	1183+1207
2045	926+745+843
2046	777+1207
2047	926+226
2048	10+1309+522
2049	1219+1506
2050	1388+303+1321
2051	1360+303+1551
2052	468+1310
2053	926+1666+1182
2054	236+3761+926
2055	926+753+843
2056	733+3778
2057	3779+1310
2058	926+858+914+1665
2059	464+1642+303
2060	1187+303
2061	926+1120+914+1665
2062	926+909+1320
2063	3932+303+1642
2064	764+522
2065	2279+1700
2066	272
2067	1554+3761+926
2068	926+74+1702
2069	926+1665+1343
2070	326+826
2071	92+36+4065
2072	626+303+1551
2073	926+1294+1642
2074	92+1747
2075	722+92+303+522
2076	789+1207
2077	926+1320+1042
2078	1944+916
2079	3977+1320
2080	1320+4275
2081	2452+1665
2082	88+522
2083	914+1405+1666
2084	843+2812
2085	148
2086	739+522
2087	389+1173
2088	826+1665+914+167
2089	1199+1320
2090	1658+1309+522+303
2091	36+1059
2092	4069+1388
2093	553+522
2094	843+876
2095	962+914
2096	3977
2098	914+1474
2099	309+522
2100	1326+522
2102	447+1320+926
2103	614+522+3778
2104	1980+1666
2105	926+1456+1642
2106	692
2107	1187+1320+926
2109	693+1506
2110	1425+916+1051+1678
2111	998+522+1309
2112	212
2113	10+1642
2114	1092+522
2115	1332
2116	128+522
2117	926+317+1647
2118	926+1542
2119	926+780
2120	926+946+1702
2121	1506+1642
2122	1744+3761
2123	833+458
2124	1145+916
2125	574+916
2126	36+4065
2127	926+955
2128	1405+1665+914
2129	926+964+843
2130	4263+522
2131	469+522
2132	824+1507
2133	150+914
2134	1042+1665
2135	1393+1321+303
2136	1221
2137	1042+1321
2138	92+522
2139	1515+36
2140	522+202+705
2141	926+1665+914
2142	1031+1702
2143	926+389+826+1506
2144	92+303+860
2145	2900+158
2146	3779+1544
2147	972+1665
2148	841
2149	926+1084+1506+92
2150	1475+304
2151	916+834+1678
2152	824+1732
2153	1270+522+1309
2154	1321+1379
2155	2232+259+678
2156	1665+914+1394
2157	843+872
2158	926+315
2159	268+1332
2160	926+1351
2162	4281+36
2163	1514+1321
2164	203+554
2165	1192+303+1321
2166	818+1548
2167	427
2168	916+644
2169	1665
2170	27+1309+522
2171	992+522+1309
2172	2331+1700
2174	207+843
2175	926+1665+1341
2176	1298+1309
2177	826+533
2178	1697+1346+1306
2179	926+1508+1642
2180	926+960
2181	1702+3648
2182	926+747+843
2183	276+3779
2184	942
2185	2254+1665
2186	100+1321+926
2187	4074
2189	1206+1161
2190	463+92+1310
2191	926+92+1552
2192	495
2193	1517+1642
2194	702
2195	487+1642
2196	926+868+1665
2197	146
2198	2232+678+1207
2199	1682+1665
2200	926+1702+586
2201	16+522+926
2202	1666+914
2203	1030+1702
2204	970+522
2205	658+916
2207	296+92
2208	216+1321
2209	2530+525
2210	261+1320+926
2211	401
2212	926+1131+1642
2213	1044+1665
2214	1174
2215	1552+522
2216	33+1321+926
2217	555+1309+522
2218	926+1450+1642
2219	826+407
2220	914+1207
2221	77+1321+926
2222	916+1698
2223	1022+1702
2225	2218+1642
2226	1444+1309
2227	837+1346
2228	300+3761+926
2229	92+303+876
2230	1383+522
2232	1653+1324
2234	926+1173+1332
2236	835+838
2237	2051+1548
2238	625+1551+303
2239	688+914
2240	926+1322+1321
2241	218+1321+926
2242	345+1309+522
2243	1651+4274
2245	3592+1702
2246	522+958
2247	545+303
2248	916+649
2249	926+60+522
2250	926+173+92+36
2251	407+833
2252	3396
2254	926+1642+957+816
2255	303+281
2256	1285+1309+522
2257	1094+303
2258	914+852
2259	1353+522
2260	926+1678
2261	926+674+1665
2262	303+1500+1642
2263	926+289+1665+914
2264	1998+1666
2265	232+833
2266	952+1309
2267	898+404
2268	2453+1665
2269	1103+914
2270	3604+1242
2271	926+103+92+1321
2272	3652+1469
2273	3443+935
2274	1330+1309+522
2275	888
2276	916+1385+1678
2277	1189+1665
2278	707+1310+905
2279	633+303+1551
2280	1320+1733
2281	2326+1700
2282	786+1207
2283	4099
2284	1548+1405
2285	1762+1702
2286	826+107
2287	1962+916
2288	36+1337
2289	926+776+1642+1678+916
2291	926+1735+914+522
2292	926+450+843
2293	926+126+1320
2294	857
2295	525+1307
2296	926+1149+1702
2297	92+4275+36
2298	38+1081
2299	926+1216+1321
2300	4281+303+522
2301	916+577
2302	1386+926
2304	55+303
2305	1663+1682
2306	914+1665+921
2308	843+196
2309	926+914+1665
2310	3616
2312	916+550
2313	1683+914+1666
2314	609
2315	916+569
2316	926+1135+1321
2317	926+1321+356
2318	258+1642
2319	97+1052+3143
2320	3761+1439
2321	4404+1665
2322	3830+1665+914
2323	431+1309+522
2324	926+1553+92
2325	1469+1526
2326	407+303
2327	1372+1321+926
2328	1346+43
2329	3457+900
2330	922
2331	1320+1729
2332	2740+1332
2333	914+1470
2334	1254+1321+926
2336	7+153
2337	926+729+843
2338	216+2571
2339	829+914
2340	4322+914
2341	184+1667+837
2342	1312+926+843
2343	522+1309+712
2344	2925+838
2345	926+843+437
2346	522+1309+882
2347	926+306
2348	255
2349	916+1682
2350	472
2351	466
2352	4325+914
2353	864
2354	1513+1642
2355	257+522
2356	1320+303+1346
2357	217+914
2358	2349+1700
2359	4124
2360	826+463
2361	381+1702
2362	59+3761+926
2364	1642+961
2365	1193+181
2366	97+57+1052
2367	1178
2368	926+1491+1665
2369	306+3779
2370	1413
2371	2330+843
2372	1545
2374	4363
2375	843+3870
2377	3862
2378	1870
2379	2744+3876
2380	916+3845
2381	843+3874
2382	843+3887
2383	3845+4362
2384	916+3845
2385	3881
2386	3882
2387	843+4580
2388	4364
2389	916
2390	843+4670
2391	3259+3259+1332
2392	916+1678
2393	843
2394	843
2395	916
2396	843
2397	4364
2398	914+522
2399	916+4610
2400	916
2401	826+914+1665
2402	843+4638
2403	522+916
2404	916
2405	4503
2406	1124+1332+522
2407	932
2408	2807
2409	1346
2410	422
2411	843+4560
2412	92
2413	843+4505
2414	2947
2415	843+4628
2416	826+914+1665
2417	1320
2418	1665
2419	4609
2420	1691
2421	916+1678
2422	916+1678
2423	916+1678
2424	916+1678
2425	916+1678
2426	916+1678
2427	916+1678
2428	916+1678
2429	916+1678
2430	916+1678
2431	916+1678
2432	916+1678
2433	916+1678
2434	916+1678
2435	916+1678
2436	916+1678
2437	916+1678
2438	916+1678
2439	916+1678
2440	916+1678
2441	916+1678
2442	916+1678
2443	916+1678
2446	2799+522+3778
2447	1642
2448	1147+522
2449	1447
2450	1388
2451	1045+926
2452	1666
2453	1310
2454	2060
2455	228+522
2456	1665
2457	1665
2458	4397
2459	365
2460	916+1678
2461	1321+926
2462	1506+2853
2463	1667+837
2464	1665
2465	1642+2775
2466	303+1642
2467	1702
2468	1394
2469	1665
2470	522
2471	1320+926
2472	1704+522
2473	1321+926
2474	522
2475	676
2476	2755+1321+926
2477	1642
2479	2794+68
2480	303+1421
2481	2754+1321+926
2482	1668+522
2483	522
2484	2566
2485	838+914
2486	2757+1321+926
2487	303+1642
2488	1309
2489	1106
2490	1665
2491	303
2492	1678+916
2493	8
2494	852
2495	1321+926
2497	2777+303
2498	916+1678
2499	2756+1321+926
2500	916+2741+1678
2501	1701
2502	914+1665
2503	1665
2504	522
2505	1665
2506	1320+926
2507	673
2508	2329
2509	1642
2510	3770
2511	1665
2512	303
2513	1320+926
2514	1320
2515	916+2732+1678
2516	1419+522
2517	2716+1678
2518	1702+2030
2519	843+1309
2520	1321+926
2521	1665
2522	2776+303
2523	2769+1353+92
2524	522
2525	840
2526	522
2527	2905
2528	1675+522
2529	478
2530	1665
2531	299
2532	2741
2533	914+2803
2534	1107
2535	1642
2536	1320+926
2537	303+1642
2538	1665
2539	303+926
2540	900
2541	916+1678
2542	1320+926
2543	1320+926
2544	1521
2545	1321+926
2546	2773+303
2547	92
2548	2771+1399
2549	1353+926
2550	1310
2551	1665
2552	1320+926
2553	1642+303
2554	906
2555	1665+914
2556	1506
2557	404+92+1665+914
2558	1702
2559	303+1642
2561	1702
2562	303
2563	1673+522
2564	368
2565	303
2566	1665
2567	2919
2568	303
2569	2308
2570	303
2571	672
2572	2775+303
2573	1642
2574	675
2575	1665
2576	2735+97+1052
2577	1309
2578	826
2579	303
2580	522
2581	1744
2582	1761+1702
2583	1520
2584	303+1642
2585	1346
2586	1396+926
2587	303+1642
2588	1320+926
2589	92
2590	1548
2591	2308
2592	1665
2593	1665
2594	1405+303
2595	1516
2596	1320+926
2597	4840
2598	1939+2730
2600	905+926
2601	97+1052
2602	55
2603	1320+926
2604	1309
2605	1665
2606	522
2607	303
2608	1320+926
2609	522
2610	1702
2611	1321+926
2612	1320+926
2613	3149
2614	303+926
2615	1218
2616	2778+303
2617	1320+926
2618	1521
2619	1702
2620	1642+303
2621	1888
2622	926
2623	3770
2624	501
2625	1665
2626	522
2627	1701
2628	522
2629	303
2630	303
2631	1320+926
2632	303
2633	1320+926
2634	1320+926
2635	1321+926
2636	1320+926
2637	1335
2638	2779+303
2639	1388+303
2640	1507+832
2641	1523
2642	1706+522
2643	303+1642
2644	1321
2645	303
2646	522
2647	1321+926
2648	1707+522
2649	1642
2650	1702
2652	303
2653	914
2654	1677+522
2655	1437
2656	522
2657	2905
2658	1350
2659	914
2660	1309
2661	522+1467
2662	522
2663	1744
2664	149+522
2665	1310+1421
2666	1320+926
2667	2809
2668	909
2669	1321+926
2670	1665
2671	1320+839
2672	1642+2778
2673	522
2675	1432+1320+926
2681	2308+914
2684	1436+1320+926
2685	1506
2686	1506
2687	2663+1665+914
2688	2984+1665+914
2689	4848+1665+914
2690	487+926
2691	1676+926
2692	4082+927
2693	1554+926
2694	2081+926
2695	3204+926
2696	914+926
2697	927+926
2698	3195+926
2699	2984+926
2700	1047+926
2701	838+926
2702	921+927
2703	927+926
2704	702+926
2705	914+927
2706	4848+926
2707	922+926
2708	1335+927
2709	1245+926
2710	1360+926
2711	921+926
2712	919+926
2713	3720+926
2714	3204+926
2715	3167+926
2716	2919+926
2717	912+927
2718	922+927
2719	1178+926
2720	4325+926
2721	1676
2722	1360
2723	3074
2724	829
2725	1551
2726	914
2727	1113
2728	1702
2729	2438
2730	3374
2731	1117
2732	828
2733	2330
2734	3210
2735	1263
2736	2081
2737	609
2738	4325
2739	3359
2740	1345
2741	4848
2742	923
2743	824
2744	478
2745	1050
2746	1982
2747	270
2748	1591
2749	149
2750	1666
2751	1388
2752	3204
2753	920
2754	3396
2755	2919
2756	689
2757	4079
2758	467
2759	2469
2760	1663
2761	1932
2762	972
2763	4069
2764	3401
2765	900
2766	1207
2767	2984
2768	922
2769	2983
2770	913
2771	1674
2772	1160
2773	522
2774	927
2775	1310
2776	921
2777	4322
2778	1551
2779	2565
2780	972
2781	522
2782	1542
2783	2571
2784	2571
2785	2566
2786	1321
2787	158
2788	2566
